,cell_color,cell_age,cell_metabolic_cost,cell_center,cell_radius,cell_direction_pause,cell_direction_angle,cell_cycle,cell_direction_remember,cell_vision_radius,cell_vision_nconsidered,cell_mutational_rate,cell_mutation_information
0,#B2B7C6,44.02253056196078,0.002876643474563733,"(146.3508457280903, 270.42733111311566)",6.25,0,-1.140689134488086,0.9328101611748181,0.40669555825764747,3.9816824935407484,1.0362065983026376,1e-10,"[['cell_direction_pause', 1, 1, (0, 1, False)], ['cell_direction_angle', 0.9334882015297742, 6.283185307179586, None], ['cell_cycle', 0.7048354717828307, 1, (0.5000000001, 5, False)], ['cell_direction_remember', 0.6618365058352995, 1, (0, 1, False)], ['cell_vision_radius', 1, 1, (1.01, 20, False)], ['cell_vision_nconsidered', 1, 1, (1, 100, False)], ['cell_mutational_rate', 0.7334681460853446, 1, (1e-10, 1, False)]]"
1,#B2B7C6,47.01655789144536,0.0030802627928100987,"(298.40879580086306, 347.40951902521334)",6.25,0,-0.7347183567559858,0.9328101611748181,0.40669555825764747,3.9816824935407484,1.0362065983026376,1e-10,"[['cell_direction_pause', 1, 1, (0, 1, False)], ['cell_direction_angle', 0.9334882015297742, 6.283185307179586, None], ['cell_cycle', 0.7048354717828307, 1, (0.5000000001, 5, False)], ['cell_direction_remember', 0.6618365058352995, 1, (0, 1, False)], ['cell_vision_radius', 1, 1, (1.01, 20, False)], ['cell_vision_nconsidered', 1, 1, (1, 100, False)], ['cell_mutational_rate', 0.7334681460853446, 1, (1e-10, 1, False)]]"
2,#B2B7C6,48.00938176489373,0.0030762866764263096,"(252.32013510806325, 143.64969389735123)",6.25,0,2.814047631884673,0.9328101611748181,0.40669555825764747,3.9816824935407484,1.0362065983026376,1e-10,"[['cell_direction_pause', 1, 1, (0, 1, False)], ['cell_direction_angle', 0.9334882015297742, 6.283185307179586, None], ['cell_cycle', 0.7048354717828307, 1, (0.5000000001, 5, False)], ['cell_direction_remember', 0.6618365058352995, 1, (0, 1, False)], ['cell_vision_radius', 1, 1, (1.01, 20, False)], ['cell_vision_nconsidered', 1, 1, (1, 100, False)], ['cell_mutational_rate', 0.7334681460853446, 1, (1e-10, 1, False)]]"
3,#B2B7C6,48.00360719668545,0.0031438034164626687,"(489.2793390782235, 251.82563958995598)",6.25,0,-0.3598594410040085,0.9328101611748181,0.40669555825764747,3.9816824935407484,1.0362065983026376,1e-10,"[['cell_direction_pause', 1, 1, (0, 1, False)], ['cell_direction_angle', 0.9334882015297742, 6.283185307179586, None], ['cell_cycle', 0.7048354717828307, 1, (0.5000000001, 5, False)], ['cell_direction_remember', 0.6618365058352995, 1, (0, 1, False)], ['cell_vision_radius', 1, 1, (1.01, 20, False)], ['cell_vision_nconsidered', 1, 1, (1, 100, False)], ['cell_mutational_rate', 0.7334681460853446, 1, (1e-10, 1, False)]]"
4,#B2B7C6,49.00541047642138,0.00321352972688636,"(116.7895278460008, 181.72655203266092)",6.25,0,-2.981586344471201,0.9328101611748181,0.40669555825764747,3.9816824935407484,1.0362065983026376,1e-10,"[['cell_direction_pause', 1, 1, (0, 1, False)], ['cell_direction_angle', 0.9334882015297742, 6.283185307179586, None], ['cell_cycle', 0.7048354717828307, 1, (0.5000000001, 5, False)], ['cell_direction_remember', 0.6618365058352995, 1, (0, 1, False)], ['cell_vision_radius', 1, 1, (1.01, 20, False)], ['cell_vision_nconsidered', 1, 1, (1, 100, False)], ['cell_mutational_rate', 0.7334681460853446, 1, (1e-10, 1, False)]]"
5,#B2B7C6,51.0,0.0034139447054116886,"(129.40979542296174, 412.25715796483985)",6.25,0,0.1724880628288973,0.9328101611748181,0.40669555825764747,3.9816824935407484,1.0362065983026376,1e-10,"[['cell_direction_pause', 1, 1, (0, 1, False)], ['cell_direction_angle', 0.9334882015297742, 6.283185307179586, None], ['cell_cycle', 0.7048354717828307, 1, (0.5000000001, 5, False)], ['cell_direction_remember', 0.6618365058352995, 1, (0, 1, False)], ['cell_vision_radius', 1, 1, (1.01, 20, False)], ['cell_vision_nconsidered', 1, 1, (1, 100, False)], ['cell_mutational_rate', 0.7334681460853446, 1, (1e-10, 1, False)]]"
6,#B2B7C6,49.000468338304884,0.00321091614935941,"(64.5008177947974, 124.44903996302645)",6.25,0,-0.6684790157506577,0.9328101611748181,0.40669555825764747,3.9816824935407484,1.0362065983026376,1e-10,"[['cell_direction_pause', 1, 1, (0, 1, False)], ['cell_direction_angle', 0.9334882015297742, 6.283185307179586, None], ['cell_cycle', 0.7048354717828307, 1, (0.5000000001, 5, False)], ['cell_direction_remember', 0.6618365058352995, 1, (0, 1, False)], ['cell_vision_radius', 1, 1, (1.01, 20, False)], ['cell_vision_nconsidered', 1, 1, (1, 100, False)], ['cell_mutational_rate', 0.7334681460853446, 1, (1e-10, 1, False)]]"
7,#B2B7C6,50.0,0.003346999099663312,"(76.75428276782627, 144.3891156022299)",6.25,0,-0.6346778152298264,0.9328101611748181,0.40669555825764747,3.9816824935407484,1.0362065983026376,1e-10,"[['cell_direction_pause', 1, 1, (0, 1, False)], ['cell_direction_angle', 0.9334882015297742, 6.283185307179586, None], ['cell_cycle', 0.7048354717828307, 1, (0.5000000001, 5, False)], ['cell_direction_remember', 0.6618365058352995, 1, (0, 1, False)], ['cell_vision_radius', 1, 1, (1.01, 20, False)], ['cell_vision_nconsidered', 1, 1, (1, 100, False)], ['cell_mutational_rate', 0.7334681460853446, 1, (1e-10, 1, False)]]"
8,#B2B7C6,47.0011024551333,0.0030745527877079934,"(489.18236952054036, 373.863451717129)",6.25,0,2.963154284733152,0.9328101611748181,0.40669555825764747,3.9816824935407484,1.0362065983026376,1e-10,"[['cell_direction_pause', 1, 1, (0, 1, False)], ['cell_direction_angle', 0.9334882015297742, 6.283185307179586, None], ['cell_cycle', 0.7048354717828307, 1, (0.5000000001, 5, False)], ['cell_direction_remember', 0.6618365058352995, 1, (0, 1, False)], ['cell_vision_radius', 1, 1, (1.01, 20, False)], ['cell_vision_nconsidered', 1, 1, (1, 100, False)], ['cell_mutational_rate', 0.7334681460853446, 1, (1e-10, 1, False)]]"
9,#B2B7C6,47.003867731636774,0.003075828106868515,"(202.0310742724071, 357.34742982104564)",6.25,0,-3.112255809425022,0.9328101611748181,0.40669555825764747,3.9816824935407484,1.0362065983026376,1e-10,"[['cell_direction_pause', 1, 1, (0, 1, False)], ['cell_direction_angle', 0.9334882015297742, 6.283185307179586, None], ['cell_cycle', 0.7048354717828307, 1, (0.5000000001, 5, False)], ['cell_direction_remember', 0.6618365058352995, 1, (0, 1, False)], ['cell_vision_radius', 1, 1, (1.01, 20, False)], ['cell_vision_nconsidered', 1, 1, (1, 100, False)], ['cell_mutational_rate', 0.7334681460853446, 1, (1e-10, 1, False)]]"
10,#B2B7C6,49.0,0.0032800534939533875,"(39.606008511095126, 114.9675436695523)",6.25,0,-0.7752506854438544,0.9328101611748181,0.40669555825764747,3.9816824935407484,1.0362065983026376,1e-10,"[['cell_direction_pause', 1, 1, (0, 1, False)], ['cell_direction_angle', 0.9334882015297742, 6.283185307179586, None], ['cell_cycle', 0.7048354717828307, 1, (0.5000000001, 5, False)], ['cell_direction_remember', 0.6618365058352995, 1, (0, 1, False)], ['cell_vision_radius', 1, 1, (1.01, 20, False)], ['cell_vision_nconsidered', 1, 1, (1, 100, False)], ['cell_mutational_rate', 0.7334681460853446, 1, (1e-10, 1, False)]]"
11,#B2B7C6,48.0,0.003213107888284312,"(489.22320983769515, 18.818195413298906)",6.25,0,-0.4436927354261813,0.9328101611748181,0.40669555825764747,3.9816824935407484,1.0362065983026376,1e-10,"[['cell_direction_pause', 1, 1, (0, 1, False)], ['cell_direction_angle', 0.9334882015297742, 6.283185307179586, None], ['cell_cycle', 0.7048354717828307, 1, (0.5000000001, 5, False)], ['cell_direction_remember', 0.6618365058352995, 1, (0, 1, False)], ['cell_vision_radius', 1, 1, (1.01, 20, False)], ['cell_vision_nconsidered', 1, 1, (1, 100, False)], ['cell_mutational_rate', 0.7334681460853446, 1, (1e-10, 1, False)]]"
12,#B2B7C6,47.000736120608266,0.0030745193879757548,"(436.1031947836926, 80.9876561421662)",6.25,0,-0.3030306042416714,0.9328101611748181,0.40669555825764747,3.9816824935407484,1.0362065983026376,1e-10,"[['cell_direction_pause', 1, 1, (0, 1, False)], ['cell_direction_angle', 0.9334882015297742, 6.283185307179586, None], ['cell_cycle', 0.7048354717828307, 1, (0.5000000001, 5, False)], ['cell_direction_remember', 0.6618365058352995, 1, (0, 1, False)], ['cell_vision_radius', 1, 1, (1.01, 20, False)], ['cell_vision_nconsidered', 1, 1, (1, 100, False)], ['cell_mutational_rate', 0.7334681460853446, 1, (1e-10, 1, False)]]"
13,#B2B7C6,48.0,0.003213107888284312,"(100.33124251684863, 427.7526391044593)",6.25,0,0.4778722121620533,0.9328101611748181,0.40669555825764747,3.9816824935407484,1.0362065983026376,1e-10,"[['cell_direction_pause', 1, 1, (0, 1, False)], ['cell_direction_angle', 0.9334882015297742, 6.283185307179586, None], ['cell_cycle', 0.7048354717828307, 1, (0.5000000001, 5, False)], ['cell_direction_remember', 0.6618365058352995, 1, (0, 1, False)], ['cell_vision_radius', 1, 1, (1.01, 20, False)], ['cell_vision_nconsidered', 1, 1, (1, 100, False)], ['cell_mutational_rate', 0.7334681460853446, 1, (1e-10, 1, False)]]"
14,#B2B7C6,47.0,0.003146162282658685,"(396.90960631860304, 17.075262491250932)",6.25,0,0.6655150015871486,0.9328101611748181,0.40669555825764747,3.9816824935407484,1.0362065983026376,1e-10,"[['cell_direction_pause', 1, 1, (0, 1, False)], ['cell_direction_angle', 0.9334882015297742, 6.283185307179586, None], ['cell_cycle', 0.7048354717828307, 1, (0.5000000001, 5, False)], ['cell_direction_remember', 0.6618365058352995, 1, (0, 1, False)], ['cell_vision_radius', 1, 1, (1.01, 20, False)], ['cell_vision_nconsidered', 1, 1, (1, 100, False)], ['cell_mutational_rate', 0.7334681460853446, 1, (1e-10, 1, False)]]"
15,#B2B7C6,47.0,0.003146162282658685,"(41.22422803124255, 120.7832974357969)",6.25,0,-0.7752506854438544,0.9328101611748181,0.40669555825764747,3.9816824935407484,1.0362065983026376,1e-10,"[['cell_direction_pause', 1, 1, (0, 1, False)], ['cell_direction_angle', 0.9334882015297742, 6.283185307179586, None], ['cell_cycle', 0.7048354717828307, 1, (0.5000000001, 5, False)], ['cell_direction_remember', 0.6618365058352995, 1, (0, 1, False)], ['cell_vision_radius', 1, 1, (1.01, 20, False)], ['cell_vision_nconsidered', 1, 1, (1, 100, False)], ['cell_mutational_rate', 0.7334681460853446, 1, (1e-10, 1, False)]]"
16,#B2B7C6,46.0,0.003079216677079331,"(498.4719171962381, 2.2609177665858695)",6.25,0,-2.642969159006004,0.9328101611748181,0.40669555825764747,3.9816824935407484,1.0362065983026376,1e-10,"[['cell_direction_pause', 1, 1, (0, 1, False)], ['cell_direction_angle', 0.9334882015297742, 6.283185307179586, None], ['cell_cycle', 0.7048354717828307, 1, (0.5000000001, 5, False)], ['cell_direction_remember', 0.6618365058352995, 1, (0, 1, False)], ['cell_vision_radius', 1, 1, (1.01, 20, False)], ['cell_vision_nconsidered', 1, 1, (1, 100, False)], ['cell_mutational_rate', 0.7334681460853446, 1, (1e-10, 1, False)]]"
17,#B2B7C6,45.00294532546607,0.002939120530466376,"(289.8705275770865, 363.43889363931174)",6.25,0,-0.1431046303434961,0.9328101611748181,0.40669555825764747,3.9816824935407484,1.0362065983026376,1e-10,"[['cell_direction_pause', 1, 1, (0, 1, False)], ['cell_direction_angle', 0.9334882015297742, 6.283185307179586, None], ['cell_cycle', 0.7048354717828307, 1, (0.5000000001, 5, False)], ['cell_direction_remember', 0.6618365058352995, 1, (0, 1, False)], ['cell_vision_radius', 1, 1, (1.01, 20, False)], ['cell_vision_nconsidered', 1, 1, (1, 100, False)], ['cell_mutational_rate', 0.7334681460853446, 1, (1e-10, 1, False)]]"
18,#B2B7C6,45.001003902977246,0.002937776375024635,"(251.16027977957705, 473.00122172650384)",6.25,0,-1.9142176749985438,0.9328101611748181,0.40669555825764747,3.9816824935407484,1.0362065983026376,1e-10,"[['cell_direction_pause', 1, 1, (0, 1, False)], ['cell_direction_angle', 0.9334882015297742, 6.283185307179586, None], ['cell_cycle', 0.7048354717828307, 1, (0.5000000001, 5, False)], ['cell_direction_remember', 0.6618365058352995, 1, (0, 1, False)], ['cell_vision_radius', 1, 1, (1.01, 20, False)], ['cell_vision_nconsidered', 1, 1, (1, 100, False)], ['cell_mutational_rate', 0.7334681460853446, 1, (1e-10, 1, False)]]"
19,#B2B7C6,46.0,0.003079216677079331,"(113.81214701626735, 173.94499722710196)",6.25,0,-0.49505157443552505,0.9328101611748181,0.40669555825764747,3.9816824935407484,1.0362065983026376,1e-10,"[['cell_direction_pause', 1, 1, (0, 1, False)], ['cell_direction_angle', 0.9334882015297742, 6.283185307179586, None], ['cell_cycle', 0.7048354717828307, 1, (0.5000000001, 5, False)], ['cell_direction_remember', 0.6618365058352995, 1, (0, 1, False)], ['cell_vision_radius', 1, 1, (1.01, 20, False)], ['cell_vision_nconsidered', 1, 1, (1, 100, False)], ['cell_mutational_rate', 0.7334681460853446, 1, (1e-10, 1, False)]]"
20,#B2B7C6,39.00988441323909,0.0024424023280879485,"(347.06826003573025, 343.35780248974083)",6.25,0,1.5779637999512413,0.9328101611748181,0.40669555825764747,3.9816824935407484,1.0362065983026376,1e-10,"[['cell_direction_pause', 1, 1, (0, 1, False)], ['cell_direction_angle', 0.9334882015297742, 6.283185307179586, None], ['cell_cycle', 0.7048354717828307, 1, (0.5000000001, 5, False)], ['cell_direction_remember', 0.6618365058352995, 1, (0, 1, False)], ['cell_vision_radius', 1, 1, (1.01, 20, False)], ['cell_vision_nconsidered', 1, 1, (1, 100, False)], ['cell_mutational_rate', 0.7334681460853446, 1, (1e-10, 1, False)]]"
21,#B2B7C6,43.001873914763834,0.002800615095011525,"(4.7908226618946665, 332.3858754804191)",6.25,0,2.409169405320816,0.9328101611748181,0.40669555825764747,3.9816824935407484,1.0362065983026376,1e-10,"[['cell_direction_pause', 1, 1, (0, 1, False)], ['cell_direction_angle', 0.9334882015297742, 6.283185307179586, None], ['cell_cycle', 0.7048354717828307, 1, (0.5000000001, 5, False)], ['cell_direction_remember', 0.6618365058352995, 1, (0, 1, False)], ['cell_vision_radius', 1, 1, (1.01, 20, False)], ['cell_vision_nconsidered', 1, 1, (1, 100, False)], ['cell_mutational_rate', 0.7334681460853446, 1, (1e-10, 1, False)]]"
22,#B2B7C6,42.95293939726035,-0.007275238254773074,"(142.8778485596115, 427.4602244512278)",6.25,0,2.666249317948173,0.9328101611748181,0.40669555825764747,3.9816824935407484,1.0362065983026376,1e-10,"[['cell_direction_pause', 1, 1, (0, 1, False)], ['cell_direction_angle', 0.9334882015297742, 6.283185307179586, None], ['cell_cycle', 0.7048354717828307, 1, (0.5000000001, 5, False)], ['cell_direction_remember', 0.6618365058352995, 1, (0, 1, False)], ['cell_vision_radius', 1, 1, (1.01, 20, False)], ['cell_vision_nconsidered', 1, 1, (1, 100, False)], ['cell_mutational_rate', 0.7334681460853446, 1, (1e-10, 1, False)]]"
23,#B2B7C6,45.0,0.0030122710715493263,"(88.0281269704051, 350.16293967115274)",6.25,0,0.5536202802386635,0.9328101611748181,0.40669555825764747,3.9816824935407484,1.0362065983026376,1e-10,"[['cell_direction_pause', 1, 1, (0, 1, False)], ['cell_direction_angle', 0.9334882015297742, 6.283185307179586, None], ['cell_cycle', 0.7048354717828307, 1, (0.5000000001, 5, False)], ['cell_direction_remember', 0.6618365058352995, 1, (0, 1, False)], ['cell_vision_radius', 1, 1, (1.01, 20, False)], ['cell_vision_nconsidered', 1, 1, (1, 100, False)], ['cell_mutational_rate', 0.7334681460853446, 1, (1e-10, 1, False)]]"
24,#B2B7C6,44.0,0.002945325466072025,"(494.1630782629092, 289.3863487813411)",6.25,0,-2.8380134142257356,0.9328101611748181,0.40669555825764747,3.9816824935407484,1.0362065983026376,1e-10,"[['cell_direction_pause', 1, 1, (0, 1, False)], ['cell_direction_angle', 0.9334882015297742, 6.283185307179586, None], ['cell_cycle', 0.7048354717828307, 1, (0.5000000001, 5, False)], ['cell_direction_remember', 0.6618365058352995, 1, (0, 1, False)], ['cell_vision_radius', 1, 1, (1.01, 20, False)], ['cell_vision_nconsidered', 1, 1, (1, 100, False)], ['cell_mutational_rate', 0.7334681460853446, 1, (1e-10, 1, False)]]"
25,#B2B7C6,37.729740430861796,-0.009106830734715418,"(233.7868142088879, 187.03636252700892)",6.25,0,0.5393337429577334,0.9328101611748181,0.40669555825764747,3.9816824935407484,1.0362065983026376,1e-10,"[['cell_direction_pause', 1, 1, (0, 1, False)], ['cell_direction_angle', 0.9334882015297742, 6.283185307179586, None], ['cell_cycle', 0.7048354717828307, 1, (0.5000000001, 5, False)], ['cell_direction_remember', 0.6618365058352995, 1, (0, 1, False)], ['cell_vision_radius', 1, 1, (1.01, 20, False)], ['cell_vision_nconsidered', 1, 1, (1, 100, False)], ['cell_mutational_rate', 0.7334681460853446, 1, (1e-10, 1, False)]]"
26,#B2B7C6,41.00066788474656,0.002661718996070008,"(492.8939039790442, 265.7117805553382)",6.25,0,-2.7392909648190886,0.9328101611748181,0.40669555825764747,3.9816824935407484,1.0362065983026376,1e-10,"[['cell_direction_pause', 1, 1, (0, 1, False)], ['cell_direction_angle', 0.9334882015297742, 6.283185307179586, None], ['cell_cycle', 0.7048354717828307, 1, (0.5000000001, 5, False)], ['cell_direction_remember', 0.6618365058352995, 1, (0, 1, False)], ['cell_vision_radius', 1, 1, (1.01, 20, False)], ['cell_vision_nconsidered', 1, 1, (1, 100, False)], ['cell_mutational_rate', 0.7334681460853446, 1, (1e-10, 1, False)]]"
27,#B2B7C6,43.0,0.002878379860651094,"(90.98929290147399, 408.4562486375162)",6.25,0,-1.8371870587905759,0.9328101611748181,0.40669555825764747,3.9816824935407484,1.0362065983026376,1e-10,"[['cell_direction_pause', 1, 1, (0, 1, False)], ['cell_direction_angle', 0.9334882015297742, 6.283185307179586, None], ['cell_cycle', 0.7048354717828307, 1, (0.5000000001, 5, False)], ['cell_direction_remember', 0.6618365058352995, 1, (0, 1, False)], ['cell_vision_radius', 1, 1, (1.01, 20, False)], ['cell_vision_nconsidered', 1, 1, (1, 100, False)], ['cell_mutational_rate', 0.7334681460853446, 1, (1e-10, 1, False)]]"
28,#B2B7C6,43.0,0.002878379860651094,"(420.38656996591, 115.10291288853554)",6.25,0,-2.513937457848528,0.9328101611748181,0.40669555825764747,3.9816824935407484,1.0362065983026376,1e-10,"[['cell_direction_pause', 1, 1, (0, 1, False)], ['cell_direction_angle', 0.9334882015297742, 6.283185307179586, None], ['cell_cycle', 0.7048354717828307, 1, (0.5000000001, 5, False)], ['cell_direction_remember', 0.6618365058352995, 1, (0, 1, False)], ['cell_vision_radius', 1, 1, (1.01, 20, False)], ['cell_vision_nconsidered', 1, 1, (1, 100, False)], ['cell_mutational_rate', 0.7334681460853446, 1, (1e-10, 1, False)]]"
29,#B2B7C6,43.0,0.002878379860651094,"(484.83126615856617, 497.15399957910233)",6.25,0,2.1137533293260113,0.9328101611748181,0.40669555825764747,3.9816824935407484,1.0362065983026376,1e-10,"[['cell_direction_pause', 1, 1, (0, 1, False)], ['cell_direction_angle', 0.9334882015297742, 6.283185307179586, None], ['cell_cycle', 0.7048354717828307, 1, (0.5000000001, 5, False)], ['cell_direction_remember', 0.6618365058352995, 1, (0, 1, False)], ['cell_vision_radius', 1, 1, (1.01, 20, False)], ['cell_vision_nconsidered', 1, 1, (1, 100, False)], ['cell_mutational_rate', 0.7334681460853446, 1, (1e-10, 1, False)]]"
30,#B2B7C6,39.0039740913905,0.0025241886733177454,"(265.84998646113155, 377.1916211171935)",6.25,0,2.5716556119605154,0.9328101611748181,0.40669555825764747,3.9816824935407484,1.0362065983026376,1e-10,"[['cell_direction_pause', 1, 1, (0, 1, False)], ['cell_direction_angle', 0.9334882015297742, 6.283185307179586, None], ['cell_cycle', 0.7048354717828307, 1, (0.5000000001, 5, False)], ['cell_direction_remember', 0.6618365058352995, 1, (0, 1, False)], ['cell_vision_radius', 1, 1, (1.01, 20, False)], ['cell_vision_nconsidered', 1, 1, (1, 100, False)], ['cell_mutational_rate', 0.7334681460853446, 1, (1e-10, 1, False)]]"
31,#B2B7C6,42.0,0.0028114342552905476,"(470.2178931812216, 22.621731674740488)",6.25,0,-0.4436927354261813,0.9328101611748181,0.40669555825764747,3.9816824935407484,1.0362065983026376,1e-10,"[['cell_direction_pause', 1, 1, (0, 1, False)], ['cell_direction_angle', 0.9334882015297742, 6.283185307179586, None], ['cell_cycle', 0.7048354717828307, 1, (0.5000000001, 5, False)], ['cell_direction_remember', 0.6618365058352995, 1, (0, 1, False)], ['cell_vision_radius', 1, 1, (1.01, 20, False)], ['cell_vision_nconsidered', 1, 1, (1, 100, False)], ['cell_mutational_rate', 0.7334681460853446, 1, (1e-10, 1, False)]]"
32,#B2B7C6,41.00261059743962,0.0026640439729038808,"(212.87231939015524, 364.1683885431853)",6.25,0,-2.7790778025875253,0.9328101611748181,0.40669555825764747,3.9816824935407484,1.0362065983026376,1e-10,"[['cell_direction_pause', 1, 1, (0, 1, False)], ['cell_direction_angle', 0.9334882015297742, 6.283185307179586, None], ['cell_cycle', 0.7048354717828307, 1, (0.5000000001, 5, False)], ['cell_direction_remember', 0.6618365058352995, 1, (0, 1, False)], ['cell_vision_radius', 1, 1, (1.01, 20, False)], ['cell_vision_nconsidered', 1, 1, (1, 100, False)], ['cell_mutational_rate', 0.7334681460853446, 1, (1e-10, 1, False)]]"
33,#B2B7C6,41.0,0.00274448864999479,"(456.448976633111, 280.2561321829696)",6.25,0,2.8177926205068795,0.9328101611748181,0.40669555825764747,3.9816824935407484,1.0362065983026376,1e-10,"[['cell_direction_pause', 1, 1, (0, 1, False)], ['cell_direction_angle', 0.9334882015297742, 6.283185307179586, None], ['cell_cycle', 0.7048354717828307, 1, (0.5000000001, 5, False)], ['cell_direction_remember', 0.6618365058352995, 1, (0, 1, False)], ['cell_vision_radius', 1, 1, (1.01, 20, False)], ['cell_vision_nconsidered', 1, 1, (1, 100, False)], ['cell_mutational_rate', 0.7334681460853446, 1, (1e-10, 1, False)]]"
34,#B2B7C6,40.00013361111145,0.0025912430333958083,"(477.59327376494673, 28.848498385223998)",6.25,0,-0.4436927354261813,0.9328101611748181,0.40669555825764747,3.9816824935407484,1.0362065983026376,1e-10,"[['cell_direction_pause', 1, 1, (0, 1, False)], ['cell_direction_angle', 0.9334882015297742, 6.283185307179586, None], ['cell_cycle', 0.7048354717828307, 1, (0.5000000001, 5, False)], ['cell_direction_remember', 0.6618365058352995, 1, (0, 1, False)], ['cell_vision_radius', 1, 1, (1.01, 20, False)], ['cell_vision_nconsidered', 1, 1, (1, 100, False)], ['cell_mutational_rate', 0.7334681460853446, 1, (1e-10, 1, False)]]"
35,#B2B7C6,41.0,0.00274448864999479,"(34.05661530177087, 59.42029313935965)",6.25,0,-2.0229742476202324,0.9328101611748181,0.40669555825764747,3.9816824935407484,1.0362065983026376,1e-10,"[['cell_direction_pause', 1, 1, (0, 1, False)], ['cell_direction_angle', 0.9334882015297742, 6.283185307179586, None], ['cell_cycle', 0.7048354717828307, 1, (0.5000000001, 5, False)], ['cell_direction_remember', 0.6618365058352995, 1, (0, 1, False)], ['cell_vision_radius', 1, 1, (1.01, 20, False)], ['cell_vision_nconsidered', 1, 1, (1, 100, False)], ['cell_mutational_rate', 0.7334681460853446, 1, (1e-10, 1, False)]]"
36,#B2B7C6,41.0,0.00274448864999479,"(103.57603677598284, 361.2169329785686)",6.25,0,0.3816876715599556,0.9328101611748181,0.40669555825764747,3.9816824935407484,1.0362065983026376,1e-10,"[['cell_direction_pause', 1, 1, (0, 1, False)], ['cell_direction_angle', 0.9334882015297742, 6.283185307179586, None], ['cell_cycle', 0.7048354717828307, 1, (0.5000000001, 5, False)], ['cell_direction_remember', 0.6618365058352995, 1, (0, 1, False)], ['cell_vision_radius', 1, 1, (1.01, 20, False)], ['cell_vision_nconsidered', 1, 1, (1, 100, False)], ['cell_mutational_rate', 0.7334681460853446, 1, (1e-10, 1, False)]]"
37,#B2B7C6,41.0,0.00274448864999479,"(299.98804724156105, 365.8165584122796)",6.25,0,1.1339776107165787,0.9328101611748181,0.40669555825764747,3.9816824935407484,1.0362065983026376,1e-10,"[['cell_direction_pause', 1, 1, (0, 1, False)], ['cell_direction_angle', 0.9334882015297742, 6.283185307179586, None], ['cell_cycle', 0.7048354717828307, 1, (0.5000000001, 5, False)], ['cell_direction_remember', 0.6618365058352995, 1, (0, 1, False)], ['cell_vision_radius', 1, 1, (1.01, 20, False)], ['cell_vision_nconsidered', 1, 1, (1, 100, False)], ['cell_mutational_rate', 0.7334681460853446, 1, (1e-10, 1, False)]]"
38,#B2B7C6,40.0,0.002677543044768667,"(490.8693344214232, 435.58480255384995)",6.25,0,2.5104244655102916,0.9328101611748181,0.40669555825764747,3.9816824935407484,1.0362065983026376,1e-10,"[['cell_direction_pause', 1, 1, (0, 1, False)], ['cell_direction_angle', 0.9334882015297742, 6.283185307179586, None], ['cell_cycle', 0.7048354717828307, 1, (0.5000000001, 5, False)], ['cell_direction_remember', 0.6618365058352995, 1, (0, 1, False)], ['cell_vision_radius', 1, 1, (1.01, 20, False)], ['cell_vision_nconsidered', 1, 1, (1, 100, False)], ['cell_mutational_rate', 0.7334681460853446, 1, (1e-10, 1, False)]]"
39,#B2B7C6,39.0004013927546,0.0025237222156842378,"(305.32589597479364, 450.47162276060715)",6.25,0,-1.1488599779326785,0.9328101611748181,0.40669555825764747,3.9816824935407484,1.0362065983026376,1e-10,"[['cell_direction_pause', 1, 1, (0, 1, False)], ['cell_direction_angle', 0.9334882015297742, 6.283185307179586, None], ['cell_cycle', 0.7048354717828307, 1, (0.5000000001, 5, False)], ['cell_direction_remember', 0.6618365058352995, 1, (0, 1, False)], ['cell_vision_radius', 1, 1, (1.01, 20, False)], ['cell_vision_nconsidered', 1, 1, (1, 100, False)], ['cell_mutational_rate', 0.7334681460853446, 1, (1e-10, 1, False)]]"
40,#B2B7C6,29.49952610607705,-0.013178328617869939,"(346.22121877768564, 212.73182770934062)",6.25,0,1.104659799526526,0.9328101611748181,0.40669555825764747,3.9816824935407484,1.0362065983026376,1e-10,"[['cell_direction_pause', 1, 1, (0, 1, False)], ['cell_direction_angle', 0.9334882015297742, 6.283185307179586, None], ['cell_cycle', 0.7048354717828307, 1, (0.5000000001, 5, False)], ['cell_direction_remember', 0.6618365058352995, 1, (0, 1, False)], ['cell_vision_radius', 1, 1, (1.01, 20, False)], ['cell_vision_nconsidered', 1, 1, (1, 100, False)], ['cell_mutational_rate', 0.7334681460853446, 1, (1e-10, 1, False)]]"
41,#B2B7C6,38.001137794171896,0.0024557002314323194,"(453.52548815536386, 154.92251331492076)",6.25,0,0.04817267323088485,0.9328101611748181,0.40669555825764747,3.9816824935407484,1.0362065983026376,1e-10,"[['cell_direction_pause', 1, 1, (0, 1, False)], ['cell_direction_angle', 0.9334882015297742, 6.283185307179586, None], ['cell_cycle', 0.7048354717828307, 1, (0.5000000001, 5, False)], ['cell_direction_remember', 0.6618365058352995, 1, (0, 1, False)], ['cell_vision_radius', 1, 1, (1.01, 20, False)], ['cell_vision_nconsidered', 1, 1, (1, 100, False)], ['cell_mutational_rate', 0.7334681460853446, 1, (1e-10, 1, False)]]"
42,#B2B7C6,39.0,0.0026105974396175187,"(426.5743862851748, 144.95810571825842)",6.25,0,-2.6523051086646916,0.9328101611748181,0.40669555825764747,3.9816824935407484,1.0362065983026376,1e-10,"[['cell_direction_pause', 1, 1, (0, 1, False)], ['cell_direction_angle', 0.9334882015297742, 6.283185307179586, None], ['cell_cycle', 0.7048354717828307, 1, (0.5000000001, 5, False)], ['cell_direction_remember', 0.6618365058352995, 1, (0, 1, False)], ['cell_vision_radius', 1, 1, (1.01, 20, False)], ['cell_vision_nconsidered', 1, 1, (1, 100, False)], ['cell_mutational_rate', 0.7334681460853446, 1, (1e-10, 1, False)]]"
43,#B2B7C6,39.0,0.0026105974396175187,"(364.1406263284474, 497.014286315729)",6.25,0,1.123628690683209,0.9328101611748181,0.40669555825764747,3.9816824935407484,1.0362065983026376,1e-10,"[['cell_direction_pause', 1, 1, (0, 1, False)], ['cell_direction_angle', 0.9334882015297742, 6.283185307179586, None], ['cell_cycle', 0.7048354717828307, 1, (0.5000000001, 5, False)], ['cell_direction_remember', 0.6618365058352995, 1, (0, 1, False)], ['cell_vision_radius', 1, 1, (1.01, 20, False)], ['cell_vision_nconsidered', 1, 1, (1, 100, False)], ['cell_mutational_rate', 0.7334681460853446, 1, (1e-10, 1, False)]]"
44,#B2B7C6,37.00180725018667,0.002387027682630685,"(313.57890512997557, 372.28315047912594)",6.25,0,1.1351915055987485,0.9328101611748181,0.40669555825764747,3.9816824935407484,1.0362065983026376,1e-10,"[['cell_direction_pause', 1, 1, (0, 1, False)], ['cell_direction_angle', 0.9334882015297742, 6.283185307179586, None], ['cell_cycle', 0.7048354717828307, 1, (0.5000000001, 5, False)], ['cell_direction_remember', 0.6618365058352995, 1, (0, 1, False)], ['cell_vision_radius', 1, 1, (1.01, 20, False)], ['cell_vision_nconsidered', 1, 1, (1, 100, False)], ['cell_mutational_rate', 0.7334681460853446, 1, (1e-10, 1, False)]]"
45,#B2B7C6,37.00133863097088,0.0023866065315026027,"(142.67173671666836, 76.01613373045882)",6.25,0,-2.6137057331605633,0.9328101611748181,0.40669555825764747,3.9816824935407484,1.0362065983026376,1e-10,"[['cell_direction_pause', 1, 1, (0, 1, False)], ['cell_direction_angle', 0.9334882015297742, 6.283185307179586, None], ['cell_cycle', 0.7048354717828307, 1, (0.5000000001, 5, False)], ['cell_direction_remember', 0.6618365058352995, 1, (0, 1, False)], ['cell_vision_radius', 1, 1, (1.01, 20, False)], ['cell_vision_nconsidered', 1, 1, (1, 100, False)], ['cell_mutational_rate', 0.7334681460853446, 1, (1e-10, 1, False)]]"
46,#B2B7C6,38.0,0.0025436518345472465,"(0.6613414143433669, 249.12557921149835)",6.25,0,-2.6873058263087963,0.9328101611748181,0.40669555825764747,3.9816824935407484,1.0362065983026376,1e-10,"[['cell_direction_pause', 1, 1, (0, 1, False)], ['cell_direction_angle', 0.9334882015297742, 6.283185307179586, None], ['cell_cycle', 0.7048354717828307, 1, (0.5000000001, 5, False)], ['cell_direction_remember', 0.6618365058352995, 1, (0, 1, False)], ['cell_vision_radius', 1, 1, (1.01, 20, False)], ['cell_vision_nconsidered', 1, 1, (1, 100, False)], ['cell_mutational_rate', 0.7334681460853446, 1, (1e-10, 1, False)]]"
47,#B2B7C6,34.00007337271795,0.002175854331861643,"(387.41622525068175, 53.18200839200375)",6.25,0,-1.3699406322699417,0.9328101611748181,0.40669555825764747,3.9816824935407484,1.0362065983026376,1e-10,"[['cell_direction_pause', 1, 1, (0, 1, False)], ['cell_direction_angle', 0.9334882015297742, 6.283185307179586, None], ['cell_cycle', 0.7048354717828307, 1, (0.5000000001, 5, False)], ['cell_direction_remember', 0.6618365058352995, 1, (0, 1, False)], ['cell_vision_radius', 1, 1, (1.01, 20, False)], ['cell_vision_nconsidered', 1, 1, (1, 100, False)], ['cell_mutational_rate', 0.7334681460853446, 1, (1e-10, 1, False)]]"
48,#B2B7C6,37.0,0.002476706229564388,"(22.358634363178123, 133.3865725280121)",6.25,0,-0.7752506854438544,0.9328101611748181,0.40669555825764747,3.9816824935407484,1.0362065983026376,1e-10,"[['cell_direction_pause', 1, 1, (0, 1, False)], ['cell_direction_angle', 0.9334882015297742, 6.283185307179586, None], ['cell_cycle', 0.7048354717828307, 1, (0.5000000001, 5, False)], ['cell_direction_remember', 0.6618365058352995, 1, (0, 1, False)], ['cell_vision_radius', 1, 1, (1.01, 20, False)], ['cell_vision_nconsidered', 1, 1, (1, 100, False)], ['cell_mutational_rate', 0.7334681460853446, 1, (1e-10, 1, False)]]"
49,#B2B7C6,37.0,0.002476706229564388,"(489.5409629998469, 15.47884222293505)",6.25,0,-0.6987087590314808,0.9328101611748181,0.40669555825764747,3.9816824935407484,1.0362065983026376,1e-10,"[['cell_direction_pause', 1, 1, (0, 1, False)], ['cell_direction_angle', 0.9334882015297742, 6.283185307179586, None], ['cell_cycle', 0.7048354717828307, 1, (0.5000000001, 5, False)], ['cell_direction_remember', 0.6618365058352995, 1, (0, 1, False)], ['cell_vision_radius', 1, 1, (1.01, 20, False)], ['cell_vision_nconsidered', 1, 1, (1, 100, False)], ['cell_mutational_rate', 0.7334681460853446, 1, (1e-10, 1, False)]]"
50,#B2B7C6,35.000066666667,-0.0100745744783126,"(454.8039130318159, 290.179520325954)",6.25,0,2.7753524646184538,0.9328101611748181,0.40669555825764747,3.9816824935407484,1.0362065983026376,1e-10,"[['cell_direction_pause', 1, 1, (0, 1, False)], ['cell_direction_angle', 0.9334882015297742, 6.283185307179586, None], ['cell_cycle', 0.7048354717828307, 1, (0.5000000001, 5, False)], ['cell_direction_remember', 0.6618365058352995, 1, (0, 1, False)], ['cell_vision_radius', 1, 1, (1.01, 20, False)], ['cell_vision_nconsidered', 1, 1, (1, 100, False)], ['cell_mutational_rate', 0.7334681460853446, 1, (1e-10, 1, False)]]"
51,#B2B7C6,35.00033444722674,0.002245867759411033,"(433.0423210640537, 491.35406894991667)",6.25,0,1.0538384698585328,0.9328101611748181,0.40669555825764747,3.9816824935407484,1.0362065983026376,1e-10,"[['cell_direction_pause', 1, 1, (0, 1, False)], ['cell_direction_angle', 0.9334882015297742, 6.283185307179586, None], ['cell_cycle', 0.7048354717828307, 1, (0.5000000001, 5, False)], ['cell_direction_remember', 0.6618365058352995, 1, (0, 1, False)], ['cell_vision_radius', 1, 1, (1.01, 20, False)], ['cell_vision_nconsidered', 1, 1, (1, 100, False)], ['cell_mutational_rate', 0.7334681460853446, 1, (1e-10, 1, False)]]"
52,#B2B7C6,35.00107084857399,0.00224730463155253,"(239.4327506843514, 295.988556895846)",6.25,0,-1.6647429762053623,0.9328101611748181,0.40669555825764747,3.9816824935407484,1.0362065983026376,1e-10,"[['cell_direction_pause', 1, 1, (0, 1, False)], ['cell_direction_angle', 0.9334882015297742, 6.283185307179586, None], ['cell_cycle', 0.7048354717828307, 1, (0.5000000001, 5, False)], ['cell_direction_remember', 0.6618365058352995, 1, (0, 1, False)], ['cell_vision_radius', 1, 1, (1.01, 20, False)], ['cell_vision_nconsidered', 1, 1, (1, 100, False)], ['cell_mutational_rate', 0.7334681460853446, 1, (1e-10, 1, False)]]"
53,#B2B7C6,36.0,0.0024097606246762057,"(484.50671186631666, 241.94513817526956)",6.25,0,-0.5496076902656912,0.9328101611748181,0.40669555825764747,3.9816824935407484,1.0362065983026376,1e-10,"[['cell_direction_pause', 1, 1, (0, 1, False)], ['cell_direction_angle', 0.9334882015297742, 6.283185307179586, None], ['cell_cycle', 0.7048354717828307, 1, (0.5000000001, 5, False)], ['cell_direction_remember', 0.6618365058352995, 1, (0, 1, False)], ['cell_vision_radius', 1, 1, (1.01, 20, False)], ['cell_vision_nconsidered', 1, 1, (1, 100, False)], ['cell_mutational_rate', 0.7334681460853446, 1, (1e-10, 1, False)]]"
54,#B2B7C6,32.00390174535446,0.002038778955730606,"(128.23565642146716, 287.87320395135765)",6.25,0,-2.5280815915414947,0.9328101611748181,0.40669555825764747,3.9816824935407484,1.0362065983026376,1e-10,"[['cell_direction_pause', 1, 1, (0, 1, False)], ['cell_direction_angle', 0.9334882015297742, 6.283185307179586, None], ['cell_cycle', 0.7048354717828307, 1, (0.5000000001, 5, False)], ['cell_direction_remember', 0.6618365058352995, 1, (0, 1, False)], ['cell_vision_radius', 1, 1, (1.01, 20, False)], ['cell_vision_nconsidered', 1, 1, (1, 100, False)], ['cell_mutational_rate', 0.7334681460853446, 1, (1e-10, 1, False)]]"
55,#B2B7C6,34.001204739770785,0.0021777332730225367,"(452.5497738418404, 201.1601193438614)",6.25,0,-0.7426774633989729,0.9328101611748181,0.40669555825764747,3.9816824935407484,1.0362065983026376,1e-10,"[['cell_direction_pause', 1, 1, (0, 1, False)], ['cell_direction_angle', 0.9334882015297742, 6.283185307179586, None], ['cell_cycle', 0.7048354717828307, 1, (0.5000000001, 5, False)], ['cell_direction_remember', 0.6618365058352995, 1, (0, 1, False)], ['cell_vision_radius', 1, 1, (1.01, 20, False)], ['cell_vision_nconsidered', 1, 1, (1, 100, False)], ['cell_mutational_rate', 0.7334681460853446, 1, (1e-10, 1, False)]]"
56,#B2B7C6,31.00453997777432,0.0018609290591945994,"(166.2145020900605, 220.71625680071952)",6.25,0,-2.59914793122016,0.9328101611748181,0.40669555825764747,3.9816824935407484,1.0362065983026376,1e-10,"[['cell_direction_pause', 1, 1, (0, 1, False)], ['cell_direction_angle', 0.9334882015297742, 6.283185307179586, None], ['cell_cycle', 0.7048354717828307, 1, (0.5000000001, 5, False)], ['cell_direction_remember', 0.6618365058352995, 1, (0, 1, False)], ['cell_vision_radius', 1, 1, (1.01, 20, False)], ['cell_vision_nconsidered', 1, 1, (1, 100, False)], ['cell_mutational_rate', 0.7334681460853446, 1, (1e-10, 1, False)]]"
57,#B2B7C6,30.003736887076727,0.0018973426921676177,"(150.88191041125944, 325.1526823189409)",6.25,0,2.285775752794027,0.9328101611748181,0.40669555825764747,3.9816824935407484,1.0362065983026376,1e-10,"[['cell_direction_pause', 1, 1, (0, 1, False)], ['cell_direction_angle', 0.9334882015297742, 6.283185307179586, None], ['cell_cycle', 0.7048354717828307, 1, (0.5000000001, 5, False)], ['cell_direction_remember', 0.6618365058352995, 1, (0, 1, False)], ['cell_vision_radius', 1, 1, (1.01, 20, False)], ['cell_vision_nconsidered', 1, 1, (1, 100, False)], ['cell_mutational_rate', 0.7334681460853446, 1, (1e-10, 1, False)]]"
58,#B2B7C6,33.0,0.0022089238106655167,"(49.77059003756335, 72.45902758602838)",6.25,0,-2.0229742476202324,0.9328101611748181,0.40669555825764747,3.9816824935407484,1.0362065983026376,1e-10,"[['cell_direction_pause', 1, 1, (0, 1, False)], ['cell_direction_angle', 0.9334882015297742, 6.283185307179586, None], ['cell_cycle', 0.7048354717828307, 1, (0.5000000001, 5, False)], ['cell_direction_remember', 0.6618365058352995, 1, (0, 1, False)], ['cell_vision_radius', 1, 1, (1.01, 20, False)], ['cell_vision_nconsidered', 1, 1, (1, 100, False)], ['cell_mutational_rate', 0.7334681460853446, 1, (1e-10, 1, False)]]"
59,#B2B7C6,32.001539467775345,0.002038132632392655,"(294.4242311964336, 322.4651455488218)",6.25,0,-0.7937174823446771,0.9328101611748181,0.40669555825764747,3.9816824935407484,1.0362065983026376,1e-10,"[['cell_direction_pause', 1, 1, (0, 1, False)], ['cell_direction_angle', 0.9334882015297742, 6.283185307179586, None], ['cell_cycle', 0.7048354717828307, 1, (0.5000000001, 5, False)], ['cell_direction_remember', 0.6618365058352995, 1, (0, 1, False)], ['cell_vision_radius', 1, 1, (1.01, 20, False)], ['cell_vision_nconsidered', 1, 1, (1, 100, False)], ['cell_mutational_rate', 0.7334681460853446, 1, (1e-10, 1, False)]]"
60,#B2B7C6,33.0,0.0022089238106655167,"(16.293952270290855, 424.3207444927279)",6.25,0,2.5756983921849366,0.9328101611748181,0.40669555825764747,3.9816824935407484,1.0362065983026376,1e-10,"[['cell_direction_pause', 1, 1, (0, 1, False)], ['cell_direction_angle', 0.9334882015297742, 6.283185307179586, None], ['cell_cycle', 0.7048354717828307, 1, (0.5000000001, 5, False)], ['cell_direction_remember', 0.6618365058352995, 1, (0, 1, False)], ['cell_vision_radius', 1, 1, (1.01, 20, False)], ['cell_vision_nconsidered', 1, 1, (1, 100, False)], ['cell_mutational_rate', 0.7334681460853446, 1, (1e-10, 1, False)]]"
61,#B2B7C6,33.0,0.0022089238106655167,"(458.35228714338115, 78.08746595755258)",6.25,0,-0.34518558513171427,0.9328101611748181,0.40669555825764747,3.9816824935407484,1.0362065983026376,1e-10,"[['cell_direction_pause', 1, 1, (0, 1, False)], ['cell_direction_angle', 0.9334882015297742, 6.283185307179586, None], ['cell_cycle', 0.7048354717828307, 1, (0.5000000001, 5, False)], ['cell_direction_remember', 0.6618365058352995, 1, (0, 1, False)], ['cell_vision_radius', 1, 1, (1.01, 20, False)], ['cell_vision_nconsidered', 1, 1, (1, 100, False)], ['cell_mutational_rate', 0.7334681460853446, 1, (1e-10, 1, False)]]"
62,#B2B7C6,33.0,0.0022089238106655167,"(491.23775788415776, 266.508925037828)",6.25,0,-2.7392909648190886,0.9328101611748181,0.40669555825764747,3.9816824935407484,1.0362065983026376,1e-10,"[['cell_direction_pause', 1, 1, (0, 1, False)], ['cell_direction_angle', 0.9334882015297742, 6.283185307179586, None], ['cell_cycle', 0.7048354717828307, 1, (0.5000000001, 5, False)], ['cell_direction_remember', 0.6618365058352995, 1, (0, 1, False)], ['cell_vision_radius', 1, 1, (1.01, 20, False)], ['cell_vision_nconsidered', 1, 1, (1, 100, False)], ['cell_mutational_rate', 0.7334681460853446, 1, (1e-10, 1, False)]]"
63,#B2B7C6,33.0,0.0022089238106655167,"(402.50127703028596, 85.17605377855392)",6.25,0,-1.202783841784356,0.9328101611748181,0.40669555825764747,3.9816824935407484,1.0362065983026376,1e-10,"[['cell_direction_pause', 1, 1, (0, 1, False)], ['cell_direction_angle', 0.9334882015297742, 6.283185307179586, None], ['cell_cycle', 0.7048354717828307, 1, (0.5000000001, 5, False)], ['cell_direction_remember', 0.6618365058352995, 1, (0, 1, False)], ['cell_vision_radius', 1, 1, (1.01, 20, False)], ['cell_vision_nconsidered', 1, 1, (1, 100, False)], ['cell_mutational_rate', 0.7334681460853446, 1, (1e-10, 1, False)]]"
64,#B2B7C6,31.0006691750232,0.0019666389789677616,"(311.3784664843123, 485.2930810128511)",6.25,0,1.5449171727799644,0.9328101611748181,0.40669555825764747,3.9816824935407484,1.0362065983026376,1e-10,"[['cell_direction_pause', 1, 1, (0, 1, False)], ['cell_direction_angle', 0.9334882015297742, 6.283185307179586, None], ['cell_cycle', 0.7048354717828307, 1, (0.5000000001, 5, False)], ['cell_direction_remember', 0.6618365058352995, 1, (0, 1, False)], ['cell_vision_radius', 1, 1, (1.01, 20, False)], ['cell_vision_nconsidered', 1, 1, (1, 100, False)], ['cell_mutational_rate', 0.7334681460853446, 1, (1e-10, 1, False)]]"
65,#B2B7C6,32.0,0.0021419782062471883,"(483.3422467611892, 342.83615198068924)",6.25,0,2.409169405320816,0.9328101611748181,0.40669555825764747,3.9816824935407484,1.0362065983026376,1e-10,"[['cell_direction_pause', 1, 1, (0, 1, False)], ['cell_direction_angle', 0.9334882015297742, 6.283185307179586, None], ['cell_cycle', 0.7048354717828307, 1, (0.5000000001, 5, False)], ['cell_direction_remember', 0.6618365058352995, 1, (0, 1, False)], ['cell_vision_radius', 1, 1, (1.01, 20, False)], ['cell_vision_nconsidered', 1, 1, (1, 100, False)], ['cell_mutational_rate', 0.7334681460853446, 1, (1e-10, 1, False)]]"
66,#B2B7C6,31.00033444722674,0.0019656856123552134,"(450.31708853879076, 349.68630927231595)",6.25,0,1.00025313864316,0.9328101611748181,0.40669555825764747,3.9816824935407484,1.0362065983026376,1e-10,"[['cell_direction_pause', 1, 1, (0, 1, False)], ['cell_direction_angle', 0.9334882015297742, 6.283185307179586, None], ['cell_cycle', 0.7048354717828307, 1, (0.5000000001, 5, False)], ['cell_direction_remember', 0.6618365058352995, 1, (0, 1, False)], ['cell_vision_radius', 1, 1, (1.01, 20, False)], ['cell_vision_nconsidered', 1, 1, (1, 100, False)], ['cell_mutational_rate', 0.7334681460853446, 1, (1e-10, 1, False)]]"
67,#B2B7C6,31.0,0.002075032601975062,"(204.59303848487912, 4.6019230604347285)",6.25,0,1.3443141706742656,0.9328101611748181,0.40669555825764747,3.9816824935407484,1.0362065983026376,1e-10,"[['cell_direction_pause', 1, 1, (0, 1, False)], ['cell_direction_angle', 0.9334882015297742, 6.283185307179586, None], ['cell_cycle', 0.7048354717828307, 1, (0.5000000001, 5, False)], ['cell_direction_remember', 0.6618365058352995, 1, (0, 1, False)], ['cell_vision_radius', 1, 1, (1.01, 20, False)], ['cell_vision_nconsidered', 1, 1, (1, 100, False)], ['cell_mutational_rate', 0.7334681460853446, 1, (1e-10, 1, False)]]"
68,#B2B7C6,30.000200556327496,0.0018942770848653148,"(387.5671829446551, 349.7068284557316)",6.25,0,-0.03934781134934429,0.9328101611748181,0.40669555825764747,3.9816824935407484,1.0362065983026376,1e-10,"[['cell_direction_pause', 1, 1, (0, 1, False)], ['cell_direction_angle', 0.9334882015297742, 6.283185307179586, None], ['cell_cycle', 0.7048354717828307, 1, (0.5000000001, 5, False)], ['cell_direction_remember', 0.6618365058352995, 1, (0, 1, False)], ['cell_vision_radius', 1, 1, (1.01, 20, False)], ['cell_vision_nconsidered', 1, 1, (1, 100, False)], ['cell_mutational_rate', 0.7334681460853446, 1, (1e-10, 1, False)]]"
69,#B2B7C6,31.0,0.002075032601975062,"(13.870326315739831, 430.5605205558566)",6.25,0,2.5756983921849366,0.9328101611748181,0.40669555825764747,3.9816824935407484,1.0362065983026376,1e-10,"[['cell_direction_pause', 1, 1, (0, 1, False)], ['cell_direction_angle', 0.9334882015297742, 6.283185307179586, None], ['cell_cycle', 0.7048354717828307, 1, (0.5000000001, 5, False)], ['cell_direction_remember', 0.6618365058352995, 1, (0, 1, False)], ['cell_vision_radius', 1, 1, (1.01, 20, False)], ['cell_vision_nconsidered', 1, 1, (1, 100, False)], ['cell_mutational_rate', 0.7334681460853446, 1, (1e-10, 1, False)]]"
70,#B2B7C6,30.000066666667003,-0.012459978203811433,"(436.07551018483275, 374.7517914671256)",6.25,0,0.9741502888630281,0.9328101611748181,0.40669555825764747,3.9816824935407484,1.0362065983026376,1e-10,"[['cell_direction_pause', 1, 1, (0, 1, False)], ['cell_direction_angle', 0.9334882015297742, 6.283185307179586, None], ['cell_cycle', 0.7048354717828307, 1, (0.5000000001, 5, False)], ['cell_direction_remember', 0.6618365058352995, 1, (0, 1, False)], ['cell_vision_radius', 1, 1, (1.01, 20, False)], ['cell_vision_nconsidered', 1, 1, (1, 100, False)], ['cell_mutational_rate', 0.7334681460853446, 1, (1e-10, 1, False)]]"
71,#B2B7C6,30.0,0.002008086997863714,"(213.78477468324513, 196.3275199431843)",6.25,0,-1.8836057667439197,0.9328101611748181,0.40669555825764747,3.9816824935407484,1.0362065983026376,1e-10,"[['cell_direction_pause', 1, 1, (0, 1, False)], ['cell_direction_angle', 0.9334882015297742, 6.283185307179586, None], ['cell_cycle', 0.7048354717828307, 1, (0.5000000001, 5, False)], ['cell_direction_remember', 0.6618365058352995, 1, (0, 1, False)], ['cell_vision_radius', 1, 1, (1.01, 20, False)], ['cell_vision_nconsidered', 1, 1, (1, 100, False)], ['cell_mutational_rate', 0.7334681460853446, 1, (1e-10, 1, False)]]"
72,#B2B7C6,30.0,0.002008086997863714,"(207.70246476328228, 16.44938358934767)",6.25,0,2.057822655529621,0.9328101611748181,0.40669555825764747,3.9816824935407484,1.0362065983026376,1e-10,"[['cell_direction_pause', 1, 1, (0, 1, False)], ['cell_direction_angle', 0.9334882015297742, 6.283185307179586, None], ['cell_cycle', 0.7048354717828307, 1, (0.5000000001, 5, False)], ['cell_direction_remember', 0.6618365058352995, 1, (0, 1, False)], ['cell_vision_radius', 1, 1, (1.01, 20, False)], ['cell_vision_nconsidered', 1, 1, (1, 100, False)], ['cell_mutational_rate', 0.7334681460853446, 1, (1e-10, 1, False)]]"
73,#B2B7C6,30.0,0.002008086997863714,"(454.62149285106256, 346.62452854689036)",6.25,0,1.00025313864316,0.9328101611748181,0.40669555825764747,3.9816824935407484,1.0362065983026376,1e-10,"[['cell_direction_pause', 1, 1, (0, 1, False)], ['cell_direction_angle', 0.9334882015297742, 6.283185307179586, None], ['cell_cycle', 0.7048354717828307, 1, (0.5000000001, 5, False)], ['cell_direction_remember', 0.6618365058352995, 1, (0, 1, False)], ['cell_vision_radius', 1, 1, (1.01, 20, False)], ['cell_vision_nconsidered', 1, 1, (1, 100, False)], ['cell_mutational_rate', 0.7334681460853446, 1, (1e-10, 1, False)]]"
74,#B2B7C6,25.00331651892101,0.00154042372150923,"(146.23144660746556, 268.82817034417536)",6.25,0,1.2821169416517635,0.9328101611748181,0.40669555825764747,3.9816824935407484,1.0362065983026376,1e-10,"[['cell_direction_pause', 1, 1, (0, 1, False)], ['cell_direction_angle', 0.9334882015297742, 6.283185307179586, None], ['cell_cycle', 0.7048354717828307, 1, (0.5000000001, 5, False)], ['cell_direction_remember', 0.6618365058352995, 1, (0, 1, False)], ['cell_vision_radius', 1, 1, (1.01, 20, False)], ['cell_vision_nconsidered', 1, 1, (1, 100, False)], ['cell_mutational_rate', 0.7334681460853446, 1, (1e-10, 1, False)]]"
75,#B2B7C6,28.0,0.0018741957901920404,"(178.41334412432377, 234.9676633832311)",6.25,0,1.6210858283297453,0.9328101611748181,0.40669555825764747,3.9816824935407484,1.0362065983026376,1e-10,"[['cell_direction_pause', 1, 1, (0, 1, False)], ['cell_direction_angle', 0.9334882015297742, 6.283185307179586, None], ['cell_cycle', 0.7048354717828307, 1, (0.5000000001, 5, False)], ['cell_direction_remember', 0.6618365058352995, 1, (0, 1, False)], ['cell_vision_radius', 1, 1, (1.01, 20, False)], ['cell_vision_nconsidered', 1, 1, (1, 100, False)], ['cell_mutational_rate', 0.7334681460853446, 1, (1e-10, 1, False)]]"
76,#B2B7C6,28.0,0.0018741957901920404,"(217.8977295292462, 12.817845833230853)",6.25,0,2.057822655529621,0.9328101611748181,0.40669555825764747,3.9816824935407484,1.0362065983026376,1e-10,"[['cell_direction_pause', 1, 1, (0, 1, False)], ['cell_direction_angle', 0.9334882015297742, 6.283185307179586, None], ['cell_cycle', 0.7048354717828307, 1, (0.5000000001, 5, False)], ['cell_direction_remember', 0.6618365058352995, 1, (0, 1, False)], ['cell_vision_radius', 1, 1, (1.01, 20, False)], ['cell_vision_nconsidered', 1, 1, (1, 100, False)], ['cell_mutational_rate', 0.7334681460853446, 1, (1e-10, 1, False)]]"
77,#B2B7C6,24.001330988345714,0.0014649890558612625,"(219.60611015759306, 286.7677672083679)",6.25,0,-1.9145572917267724,0.9328101611748181,0.40669555825764747,3.9816824935407484,1.0362065983026376,1e-10,"[['cell_direction_pause', 1, 1, (0, 1, False)], ['cell_direction_angle', 0.9334882015297742, 6.283185307179586, None], ['cell_cycle', 0.7048354717828307, 1, (0.5000000001, 5, False)], ['cell_direction_remember', 0.6618365058352995, 1, (0, 1, False)], ['cell_vision_radius', 1, 1, (1.01, 20, False)], ['cell_vision_nconsidered', 1, 1, (1, 100, False)], ['cell_mutational_rate', 0.7334681460853446, 1, (1e-10, 1, False)]]"
78,#B2B7C6,26.000267501738055,0.001609722558505591,"(447.65562335090624, 238.92856761670944)",6.25,0,0.4314615692603242,0.9328101611748181,0.40669555825764747,3.9816824935407484,1.0362065983026376,1e-10,"[['cell_direction_pause', 1, 1, (0, 1, False)], ['cell_direction_angle', 0.9334882015297742, 6.283185307179586, None], ['cell_cycle', 0.7048354717828307, 1, (0.5000000001, 5, False)], ['cell_direction_remember', 0.6618365058352995, 1, (0, 1, False)], ['cell_vision_radius', 1, 1, (1.01, 20, False)], ['cell_vision_nconsidered', 1, 1, (1, 100, False)], ['cell_mutational_rate', 0.7334681460853446, 1, (1e-10, 1, False)]]"
79,#B2B7C6,27.0,0.0018072501866724033,"(311.4925624205999, 264.4892970324174)",6.25,0,-0.24120606610062564,0.9328101611748181,0.40669555825764747,3.9816824935407484,1.0362065983026376,1e-10,"[['cell_direction_pause', 1, 1, (0, 1, False)], ['cell_direction_angle', 0.9334882015297742, 6.283185307179586, None], ['cell_cycle', 0.7048354717828307, 1, (0.5000000001, 5, False)], ['cell_direction_remember', 0.6618365058352995, 1, (0, 1, False)], ['cell_vision_radius', 1, 1, (1.01, 20, False)], ['cell_vision_nconsidered', 1, 1, (1, 100, False)], ['cell_mutational_rate', 0.7334681460853446, 1, (1e-10, 1, False)]]"
80,#B2B7C6,26.000133611111448,0.001608014007722194,"(7.247711687354958, 282.07120613149493)",6.25,0,-0.12669707108452913,0.9328101611748181,0.40669555825764747,3.9816824935407484,1.0362065983026376,1e-10,"[['cell_direction_pause', 1, 1, (0, 1, False)], ['cell_direction_angle', 0.9334882015297742, 6.283185307179586, None], ['cell_cycle', 0.7048354717828307, 1, (0.5000000001, 5, False)], ['cell_direction_remember', 0.6618365058352995, 1, (0, 1, False)], ['cell_vision_radius', 1, 1, (1.01, 20, False)], ['cell_vision_nconsidered', 1, 1, (1, 100, False)], ['cell_mutational_rate', 0.7334681460853446, 1, (1e-10, 1, False)]]"
81,#B2B7C6,27.0,0.0018072501866724033,"(394.7964149362153, 48.25996991661902)",6.25,0,-1.3699406322699417,0.9328101611748181,0.40669555825764747,3.9816824935407484,1.0362065983026376,1e-10,"[['cell_direction_pause', 1, 1, (0, 1, False)], ['cell_direction_angle', 0.9334882015297742, 6.283185307179586, None], ['cell_cycle', 0.7048354717828307, 1, (0.5000000001, 5, False)], ['cell_direction_remember', 0.6618365058352995, 1, (0, 1, False)], ['cell_vision_radius', 1, 1, (1.01, 20, False)], ['cell_vision_nconsidered', 1, 1, (1, 100, False)], ['cell_mutational_rate', 0.7334681460853446, 1, (1e-10, 1, False)]]"
82,#B2B7C6,24.001889519483072,0.0014677042787409086,"(306.3917664870361, 327.43545934311345)",6.25,0,2.606347609638589,0.9328101611748181,0.40669555825764747,3.9816824935407484,1.0362065983026376,1e-10,"[['cell_direction_pause', 1, 1, (0, 1, False)], ['cell_direction_angle', 0.9334882015297742, 6.283185307179586, None], ['cell_cycle', 0.7048354717828307, 1, (0.5000000001, 5, False)], ['cell_direction_remember', 0.6618365058352995, 1, (0, 1, False)], ['cell_vision_radius', 1, 1, (1.01, 20, False)], ['cell_vision_nconsidered', 1, 1, (1, 100, False)], ['cell_mutational_rate', 0.7334681460853446, 1, (1e-10, 1, False)]]"
83,#B2B7C6,26.0,0.0017403045833958952,"(210.84357348299864, 200.0480703959068)",6.25,0,-1.8836057667439197,0.9328101611748181,0.40669555825764747,3.9816824935407484,1.0362065983026376,1e-10,"[['cell_direction_pause', 1, 1, (0, 1, False)], ['cell_direction_angle', 0.9334882015297742, 6.283185307179586, None], ['cell_cycle', 0.7048354717828307, 1, (0.5000000001, 5, False)], ['cell_direction_remember', 0.6618365058352995, 1, (0, 1, False)], ['cell_vision_radius', 1, 1, (1.01, 20, False)], ['cell_vision_nconsidered', 1, 1, (1, 100, False)], ['cell_mutational_rate', 0.7334681460853446, 1, (1e-10, 1, False)]]"
84,#B2B7C6,25.000066666667003,-0.01566147088326705,"(456.5901883728866, 173.99096574432605)",6.25,0,-0.7730688857710283,0.9328101611748181,0.40669555825764747,3.9816824935407484,1.0362065983026376,1e-10,"[['cell_direction_pause', 1, 1, (0, 1, False)], ['cell_direction_angle', 0.9334882015297742, 6.283185307179586, None], ['cell_cycle', 0.7048354717828307, 1, (0.5000000001, 5, False)], ['cell_direction_remember', 0.6618365058352995, 1, (0, 1, False)], ['cell_vision_radius', 1, 1, (1.01, 20, False)], ['cell_vision_nconsidered', 1, 1, (1, 100, False)], ['cell_mutational_rate', 0.7334681460853446, 1, (1e-10, 1, False)]]"
85,#B2B7C6,25.0,0.0016733589803916017,"(218.9781299405343, 215.73465321689008)",6.25,0,-1.8836057667439197,0.9328101611748181,0.40669555825764747,3.9816824935407484,1.0362065983026376,1e-10,"[['cell_direction_pause', 1, 1, (0, 1, False)], ['cell_direction_angle', 0.9334882015297742, 6.283185307179586, None], ['cell_cycle', 0.7048354717828307, 1, (0.5000000001, 5, False)], ['cell_direction_remember', 0.6618365058352995, 1, (0, 1, False)], ['cell_vision_radius', 1, 1, (1.01, 20, False)], ['cell_vision_nconsidered', 1, 1, (1, 100, False)], ['cell_mutational_rate', 0.7334681460853446, 1, (1e-10, 1, False)]]"
86,#B2B7C6,24.000468338304888,0.0014660766351325535,"(243.46545685067758, 91.91018159487014)",6.25,0,-0.7844640341530835,0.9328101611748181,0.40669555825764747,3.9816824935407484,1.0362065983026376,1e-10,"[['cell_direction_pause', 1, 1, (0, 1, False)], ['cell_direction_angle', 0.9334882015297742, 6.283185307179586, None], ['cell_cycle', 0.7048354717828307, 1, (0.5000000001, 5, False)], ['cell_direction_remember', 0.6618365058352995, 1, (0, 1, False)], ['cell_vision_radius', 1, 1, (1.01, 20, False)], ['cell_vision_nconsidered', 1, 1, (1, 100, False)], ['cell_mutational_rate', 0.7334681460853446, 1, (1e-10, 1, False)]]"
87,#B2B7C6,23.000133611111448,0.0013900766994595626,"(453.40155832112606, 345.79786147897045)",6.25,0,0.02635099819133674,0.9328101611748181,0.40669555825764747,3.9816824935407484,1.0362065983026376,1e-10,"[['cell_direction_pause', 1, 1, (0, 1, False)], ['cell_direction_angle', 0.9334882015297742, 6.283185307179586, None], ['cell_cycle', 0.7048354717828307, 1, (0.5000000001, 5, False)], ['cell_direction_remember', 0.6618365058352995, 1, (0, 1, False)], ['cell_vision_radius', 1, 1, (1.01, 20, False)], ['cell_vision_nconsidered', 1, 1, (1, 100, False)], ['cell_mutational_rate', 0.7334681460853446, 1, (1e-10, 1, False)]]"
88,#B2B7C6,23.0006691750232,0.0013937274715351345,"(190.45268046716888, 168.3926202865025)",6.25,0,-0.8065491402676571,0.9328101611748181,0.40669555825764747,3.9816824935407484,1.0362065983026376,1e-10,"[['cell_direction_pause', 1, 1, (0, 1, False)], ['cell_direction_angle', 0.9334882015297742, 6.283185307179586, None], ['cell_cycle', 0.7048354717828307, 1, (0.5000000001, 5, False)], ['cell_direction_remember', 0.6618365058352995, 1, (0, 1, False)], ['cell_vision_radius', 1, 1, (1.01, 20, False)], ['cell_vision_nconsidered', 1, 1, (1, 100, False)], ['cell_mutational_rate', 0.7334681460853446, 1, (1e-10, 1, False)]]"
89,#B2B7C6,21.00090028742256,0.0012456049632445488,"(196.53944607613133, 322.4366051268166)",6.25,0,0.6388509959948147,0.9328101611748181,0.40669555825764747,3.9816824935407484,1.0362065983026376,1e-10,"[['cell_direction_pause', 1, 1, (0, 1, False)], ['cell_direction_angle', 0.9334882015297742, 6.283185307179586, None], ['cell_cycle', 0.7048354717828307, 1, (0.5000000001, 5, False)], ['cell_direction_remember', 0.6618365058352995, 1, (0, 1, False)], ['cell_vision_radius', 1, 1, (1.01, 20, False)], ['cell_vision_nconsidered', 1, 1, (1, 100, False)], ['cell_mutational_rate', 0.7334681460853446, 1, (1e-10, 1, False)]]"
90,#B2B7C6,21.000256274265926,0.0012441276799776129,"(290.9242504006274, 342.7298480740393)",6.25,0,0.01984011624964101,0.9328101611748181,0.40669555825764747,3.9816824935407484,1.0362065983026376,1e-10,"[['cell_direction_pause', 1, 1, (0, 1, False)], ['cell_direction_angle', 0.9334882015297742, 6.283185307179586, None], ['cell_cycle', 0.7048354717828307, 1, (0.5000000001, 5, False)], ['cell_direction_remember', 0.6618365058352995, 1, (0, 1, False)], ['cell_vision_radius', 1, 1, (1.01, 20, False)], ['cell_vision_nconsidered', 1, 1, (1, 100, False)], ['cell_mutational_rate', 0.7334681460853446, 1, (1e-10, 1, False)]]"
91,#B2B7C6,22.0,0.0014725221733819691,"(425.04506109575533, 255.6142842448692)",6.25,0,0.6707071642180861,0.9328101611748181,0.40669555825764747,3.9816824935407484,1.0362065983026376,1e-10,"[['cell_direction_pause', 1, 1, (0, 1, False)], ['cell_direction_angle', 0.9334882015297742, 6.283185307179586, None], ['cell_cycle', 0.7048354717828307, 1, (0.5000000001, 5, False)], ['cell_direction_remember', 0.6618365058352995, 1, (0, 1, False)], ['cell_vision_radius', 1, 1, (1.01, 20, False)], ['cell_vision_nconsidered', 1, 1, (1, 100, False)], ['cell_mutational_rate', 0.7334681460853446, 1, (1e-10, 1, False)]]"
92,#B2B7C6,22.0,0.0014725221733819691,"(249.27680626998713, 406.37176311452527)",6.25,0,0.8750529017541795,0.9328101611748181,0.40669555825764747,3.9816824935407484,1.0362065983026376,1e-10,"[['cell_direction_pause', 1, 1, (0, 1, False)], ['cell_direction_angle', 0.9334882015297742, 6.283185307179586, None], ['cell_cycle', 0.7048354717828307, 1, (0.5000000001, 5, False)], ['cell_direction_remember', 0.6618365058352995, 1, (0, 1, False)], ['cell_vision_radius', 1, 1, (1.01, 20, False)], ['cell_vision_nconsidered', 1, 1, (1, 100, False)], ['cell_mutational_rate', 0.7334681460853446, 1, (1e-10, 1, False)]]"
93,#B2B7C6,22.0,0.0014725221733819691,"(364.7799442003378, 127.82858115415212)",6.25,0,-1.6577906932084825,0.9328101611748181,0.40669555825764747,3.9816824935407484,1.0362065983026376,1e-10,"[['cell_direction_pause', 1, 1, (0, 1, False)], ['cell_direction_angle', 0.9334882015297742, 6.283185307179586, None], ['cell_cycle', 0.7048354717828307, 1, (0.5000000001, 5, False)], ['cell_direction_remember', 0.6618365058352995, 1, (0, 1, False)], ['cell_vision_radius', 1, 1, (1.01, 20, False)], ['cell_vision_nconsidered', 1, 1, (1, 100, False)], ['cell_mutational_rate', 0.7334681460853446, 1, (1e-10, 1, False)]]"
94,#B2B7C6,20.00107084857399,0.0011722309772888833,"(176.98824076059552, 161.61138607588143)",6.25,0,-0.5960021093655349,0.9328101611748181,0.40669555825764747,3.9816824935407484,1.0362065983026376,1e-10,"[['cell_direction_pause', 1, 1, (0, 1, False)], ['cell_direction_angle', 0.9334882015297742, 6.283185307179586, None], ['cell_cycle', 0.7048354717828307, 1, (0.5000000001, 5, False)], ['cell_direction_remember', 0.6618365058352995, 1, (0, 1, False)], ['cell_vision_radius', 1, 1, (1.01, 20, False)], ['cell_vision_nconsidered', 1, 1, (1, 100, False)], ['cell_mutational_rate', 0.7334681460853446, 1, (1e-10, 1, False)]]"
95,#B2B7C6,21.0,0.001405576571871639,"(290.2204277075533, 346.97282552195077)",6.25,0,0.0690956531253979,0.9328101611748181,0.40669555825764747,3.9816824935407484,1.0362065983026376,1e-10,"[['cell_direction_pause', 1, 1, (0, 1, False)], ['cell_direction_angle', 0.9334882015297742, 6.283185307179586, None], ['cell_cycle', 0.7048354717828307, 1, (0.5000000001, 5, False)], ['cell_direction_remember', 0.6618365058352995, 1, (0, 1, False)], ['cell_vision_radius', 1, 1, (1.01, 20, False)], ['cell_vision_nconsidered', 1, 1, (1, 100, False)], ['cell_mutational_rate', 0.7334681460853446, 1, (1e-10, 1, False)]]"
96,#B2B7C6,17.954265491929515,-0.02289948271875395,"(288.7871341656223, 157.94943086742077)",6.25,0,2.695117832132983,0.9328101611748181,0.40669555825764747,3.9816824935407484,1.0362065983026376,1e-10,"[['cell_direction_pause', 1, 1, (0, 1, False)], ['cell_direction_angle', 0.9334882015297742, 6.283185307179586, None], ['cell_cycle', 0.7048354717828307, 1, (0.5000000001, 5, False)], ['cell_direction_remember', 0.6618365058352995, 1, (0, 1, False)], ['cell_vision_radius', 1, 1, (1.01, 20, False)], ['cell_vision_nconsidered', 1, 1, (1, 100, False)], ['cell_mutational_rate', 0.7334681460853446, 1, (1e-10, 1, False)]]"
97,#B2B7C6,20.0,0.0013386309708773567,"(157.40325962301912, 69.26540189090997)",6.25,0,-2.606950169019338,0.9328101611748181,0.40669555825764747,3.9816824935407484,1.0362065983026376,1e-10,"[['cell_direction_pause', 1, 1, (0, 1, False)], ['cell_direction_angle', 0.9334882015297742, 6.283185307179586, None], ['cell_cycle', 0.7048354717828307, 1, (0.5000000001, 5, False)], ['cell_direction_remember', 0.6618365058352995, 1, (0, 1, False)], ['cell_vision_radius', 1, 1, (1.01, 20, False)], ['cell_vision_nconsidered', 1, 1, (1, 100, False)], ['cell_mutational_rate', 0.7334681460853446, 1, (1e-10, 1, False)]]"
98,#B2B7C6,20.0,0.0013386309708773567,"(244.45228686432262, 267.02731482122107)",6.25,0,2.686399674043093,0.9328101611748181,0.40669555825764747,3.9816824935407484,1.0362065983026376,1e-10,"[['cell_direction_pause', 1, 1, (0, 1, False)], ['cell_direction_angle', 0.9334882015297742, 6.283185307179586, None], ['cell_cycle', 0.7048354717828307, 1, (0.5000000001, 5, False)], ['cell_direction_remember', 0.6618365058352995, 1, (0, 1, False)], ['cell_vision_radius', 1, 1, (1.01, 20, False)], ['cell_vision_nconsidered', 1, 1, (1, 100, False)], ['cell_mutational_rate', 0.7334681460853446, 1, (1e-10, 1, False)]]"
99,#B2B7C6,19.0,0.001271685370480342,"(318.3916848887802, 439.231242960222)",6.25,0,0.6608859071996914,0.9328101611748181,0.40669555825764747,3.9816824935407484,1.0362065983026376,1e-10,"[['cell_direction_pause', 1, 1, (0, 1, False)], ['cell_direction_angle', 0.9334882015297742, 6.283185307179586, None], ['cell_cycle', 0.7048354717828307, 1, (0.5000000001, 5, False)], ['cell_direction_remember', 0.6618365058352995, 1, (0, 1, False)], ['cell_vision_radius', 1, 1, (1.01, 20, False)], ['cell_vision_nconsidered', 1, 1, (1, 100, False)], ['cell_mutational_rate', 0.7334681460853446, 1, (1e-10, 1, False)]]"
100,#B2B7C6,19.0,0.001271685370480342,"(140.41044318459578, 213.5888759949513)",6.25,0,2.447384437816945,0.9328101611748181,0.40669555825764747,3.9816824935407484,1.0362065983026376,1e-10,"[['cell_direction_pause', 1, 1, (0, 1, False)], ['cell_direction_angle', 0.9334882015297742, 6.283185307179586, None], ['cell_cycle', 0.7048354717828307, 1, (0.5000000001, 5, False)], ['cell_direction_remember', 0.6618365058352995, 1, (0, 1, False)], ['cell_vision_radius', 1, 1, (1.01, 20, False)], ['cell_vision_nconsidered', 1, 1, (1, 100, False)], ['cell_mutational_rate', 0.7334681460853446, 1, (1e-10, 1, False)]]"
101,#B2B7C6,18.000736120608263,0.0010191153420441113,"(286.34281688838723, 118.42890047744373)",6.25,0,-2.1410965635838957,0.9328101611748181,0.40669555825764747,3.9816824935407484,1.0362065983026376,1e-10,"[['cell_direction_pause', 1, 1, (0, 1, False)], ['cell_direction_angle', 0.9334882015297742, 6.283185307179586, None], ['cell_cycle', 0.7048354717828307, 1, (0.5000000001, 5, False)], ['cell_direction_remember', 0.6618365058352995, 1, (0, 1, False)], ['cell_vision_radius', 1, 1, (1.01, 20, False)], ['cell_vision_nconsidered', 1, 1, (1, 100, False)], ['cell_mutational_rate', 0.7334681460853446, 1, (1e-10, 1, False)]]"
102,#B2B7C6,19.0,0.001271685370480342,"(106.57374702513539, 278.76483204266475)",6.25,0,-2.5280815915414947,0.9328101611748181,0.40669555825764747,3.9816824935407484,1.0362065983026376,1e-10,"[['cell_direction_pause', 1, 1, (0, 1, False)], ['cell_direction_angle', 0.9334882015297742, 6.283185307179586, None], ['cell_cycle', 0.7048354717828307, 1, (0.5000000001, 5, False)], ['cell_direction_remember', 0.6618365058352995, 1, (0, 1, False)], ['cell_vision_radius', 1, 1, (1.01, 20, False)], ['cell_vision_nconsidered', 1, 1, (1, 100, False)], ['cell_mutational_rate', 0.7334681460853446, 1, (1e-10, 1, False)]]"
103,#B2B7C6,18.0,0.0012047397707798163,"(289.43192729367814, 112.79086351457883)",6.25,0,-2.1336859541889712,0.9328101611748181,0.40669555825764747,3.9816824935407484,1.0362065983026376,1e-10,"[['cell_direction_pause', 1, 1, (0, 1, False)], ['cell_direction_angle', 0.9334882015297742, 6.283185307179586, None], ['cell_cycle', 0.7048354717828307, 1, (0.5000000001, 5, False)], ['cell_direction_remember', 0.6618365058352995, 1, (0, 1, False)], ['cell_vision_radius', 1, 1, (1.01, 20, False)], ['cell_vision_nconsidered', 1, 1, (1, 100, False)], ['cell_mutational_rate', 0.7334681460853446, 1, (1e-10, 1, False)]]"
104,#B2B7C6,14.999968997232681,0.0007754261388938151,"(132.7032245485396, 248.23592530019636)",6.25,0,-1.970024505470449,0.9328101611748181,0.40669555825764747,3.9816824935407484,1.0362065983026376,1e-10,"[['cell_direction_pause', 1, 1, (0, 1, False)], ['cell_direction_angle', 0.9334882015297742, 6.283185307179586, None], ['cell_cycle', 0.7048354717828307, 1, (0.5000000001, 5, False)], ['cell_direction_remember', 0.6618365058352995, 1, (0, 1, False)], ['cell_vision_radius', 1, 1, (1.01, 20, False)], ['cell_vision_nconsidered', 1, 1, (1, 100, False)], ['cell_mutational_rate', 0.7334681460853446, 1, (1e-10, 1, False)]]"
105,#B2B7C6,14.001840792983906,0.0006989569750018508,"(242.91454268286358, 145.7962256488253)",6.25,0,-2.9032107226613717,0.9328101611748181,0.40669555825764747,3.9816824935407484,1.0362065983026376,1e-10,"[['cell_direction_pause', 1, 1, (0, 1, False)], ['cell_direction_angle', 0.9334882015297742, 6.283185307179586, None], ['cell_cycle', 0.7048354717828307, 1, (0.5000000001, 5, False)], ['cell_direction_remember', 0.6618365058352995, 1, (0, 1, False)], ['cell_vision_radius', 1, 1, (1.01, 20, False)], ['cell_vision_nconsidered', 1, 1, (1, 100, False)], ['cell_mutational_rate', 0.7334681460853446, 1, (1e-10, 1, False)]]"
106,#B2B7C6,15.001282569401514,0.0007817094368036498,"(349.15749623776054, 222.63235015169812)",6.25,0,1.1909007890555425,0.9328101611748181,0.40669555825764747,3.9816824935407484,1.0362065983026376,1e-10,"[['cell_direction_pause', 1, 1, (0, 1, False)], ['cell_direction_angle', 0.9334882015297742, 6.283185307179586, None], ['cell_cycle', 0.7048354717828307, 1, (0.5000000001, 5, False)], ['cell_direction_remember', 0.6618365058352995, 1, (0, 1, False)], ['cell_vision_radius', 1, 1, (1.01, 20, False)], ['cell_vision_nconsidered', 1, 1, (1, 100, False)], ['cell_mutational_rate', 0.7334681460853446, 1, (1e-10, 1, False)]]"
107,#B2B7C6,15.000200556327496,0.0007776140544783675,"(127.19087212696017, 99.69036202243943)",6.25,0,-2.6089320182635896,0.9328101611748181,0.40669555825764747,3.9816824935407484,1.0362065983026376,1e-10,"[['cell_direction_pause', 1, 1, (0, 1, False)], ['cell_direction_angle', 0.9334882015297742, 6.283185307179586, None], ['cell_cycle', 0.7048354717828307, 1, (0.5000000001, 5, False)], ['cell_direction_remember', 0.6618365058352995, 1, (0, 1, False)], ['cell_vision_radius', 1, 1, (1.01, 20, False)], ['cell_vision_nconsidered', 1, 1, (1, 100, False)], ['cell_mutational_rate', 0.7334681460853446, 1, (1e-10, 1, False)]]"
108,#B2B7C6,14.000651933850383,0.0006929875345010461,"(161.9427973841659, 315.1043704760355)",6.25,0,-0.7133575854312945,0.9328101611748181,0.40669555825764747,3.9816824935407484,1.0362065983026376,1e-10,"[['cell_direction_pause', 1, 1, (0, 1, False)], ['cell_direction_angle', 0.9334882015297742, 6.283185307179586, None], ['cell_cycle', 0.7048354717828307, 1, (0.5000000001, 5, False)], ['cell_direction_remember', 0.6618365058352995, 1, (0, 1, False)], ['cell_vision_radius', 1, 1, (1.01, 20, False)], ['cell_vision_nconsidered', 1, 1, (1, 100, False)], ['cell_mutational_rate', 0.7334681460853446, 1, (1e-10, 1, False)]]"
109,#B2B7C6,16.0,0.0010708485739888136,"(294.71073204304685, 374.79523634205947)",6.25,0,0.32614983351803806,0.9328101611748181,0.40669555825764747,3.9816824935407484,1.0362065983026376,1e-10,"[['cell_direction_pause', 1, 1, (0, 1, False)], ['cell_direction_angle', 0.9334882015297742, 6.283185307179586, None], ['cell_cycle', 0.7048354717828307, 1, (0.5000000001, 5, False)], ['cell_direction_remember', 0.6618365058352995, 1, (0, 1, False)], ['cell_vision_radius', 1, 1, (1.01, 20, False)], ['cell_vision_nconsidered', 1, 1, (1, 100, False)], ['cell_mutational_rate', 0.7334681460853446, 1, (1e-10, 1, False)]]"
110,#B2B7C6,12.952939397260355,-0.032450739151891506,"(250.77325214771142, 136.29534718861322)",6.25,0,-0.7452491811362236,0.9328101611748181,0.40669555825764747,3.9816824935407484,1.0362065983026376,1e-10,"[['cell_direction_pause', 1, 1, (0, 1, False)], ['cell_direction_angle', 0.9334882015297742, 6.283185307179586, None], ['cell_cycle', 0.7048354717828307, 1, (0.5000000001, 5, False)], ['cell_direction_remember', 0.6618365058352995, 1, (0, 1, False)], ['cell_vision_radius', 1, 1, (1.01, 20, False)], ['cell_vision_nconsidered', 1, 1, (1, 100, False)], ['cell_mutational_rate', 0.7334681460853446, 1, (1e-10, 1, False)]]"
111,#B2B7C6,15.0,0.0010039029772451558,"(349.6396215410468, 392.85336900327366)",6.25,0,0.2933212986893842,0.9328101611748181,0.40669555825764747,3.9816824935407484,1.0362065983026376,1e-10,"[['cell_direction_pause', 1, 1, (0, 1, False)], ['cell_direction_angle', 0.9334882015297742, 6.283185307179586, None], ['cell_cycle', 0.7048354717828307, 1, (0.5000000001, 5, False)], ['cell_direction_remember', 0.6618365058352995, 1, (0, 1, False)], ['cell_vision_radius', 1, 1, (1.01, 20, False)], ['cell_vision_nconsidered', 1, 1, (1, 100, False)], ['cell_mutational_rate', 0.7334681460853446, 1, (1e-10, 1, False)]]"
112,#B2B7C6,15.0,0.0010039029772451558,"(171.39451537623663, 220.62161840976435)",6.25,0,-2.732772091265333,0.9328101611748181,0.40669555825764747,3.9816824935407484,1.0362065983026376,1e-10,"[['cell_direction_pause', 1, 1, (0, 1, False)], ['cell_direction_angle', 0.9334882015297742, 6.283185307179586, None], ['cell_cycle', 0.7048354717828307, 1, (0.5000000001, 5, False)], ['cell_direction_remember', 0.6618365058352995, 1, (0, 1, False)], ['cell_vision_radius', 1, 1, (1.01, 20, False)], ['cell_vision_nconsidered', 1, 1, (1, 100, False)], ['cell_mutational_rate', 0.7334681460853446, 1, (1e-10, 1, False)]]"
113,#B2B7C6,15.0,0.0010039029772451558,"(158.07244175832716, 352.7964503763597)",6.25,0,1.4693039944213055,0.9328101611748181,0.40669555825764747,3.9816824935407484,1.0362065983026376,1e-10,"[['cell_direction_pause', 1, 1, (0, 1, False)], ['cell_direction_angle', 0.9334882015297742, 6.283185307179586, None], ['cell_cycle', 0.7048354717828307, 1, (0.5000000001, 5, False)], ['cell_direction_remember', 0.6618365058352995, 1, (0, 1, False)], ['cell_vision_radius', 1, 1, (1.01, 20, False)], ['cell_vision_nconsidered', 1, 1, (1, 100, False)], ['cell_mutational_rate', 0.7334681460853446, 1, (1e-10, 1, False)]]"
114,#B2B7C6,14.000133611111448,0.0006925663918691965,"(299.71623444906993, 299.124382908732)",6.25,0,-0.8212645862183647,0.9328101611748181,0.40669555825764747,3.9816824935407484,1.0362065983026376,1e-10,"[['cell_direction_pause', 1, 1, (0, 1, False)], ['cell_direction_angle', 0.9334882015297742, 6.283185307179586, None], ['cell_cycle', 0.7048354717828307, 1, (0.5000000001, 5, False)], ['cell_direction_remember', 0.6618365058352995, 1, (0, 1, False)], ['cell_vision_radius', 1, 1, (1.01, 20, False)], ['cell_vision_nconsidered', 1, 1, (1, 100, False)], ['cell_mutational_rate', 0.7334681460853446, 1, (1e-10, 1, False)]]"
115,#B2B7C6,11.999968997232681,0.0005180212098357754,"(370.89560071576284, 314.8288324628296)",6.25,0,-0.2696655305318676,0.9328101611748181,0.40669555825764747,3.9816824935407484,1.0362065983026376,1e-10,"[['cell_direction_pause', 1, 1, (0, 1, False)], ['cell_direction_angle', 0.9334882015297742, 6.283185307179586, None], ['cell_cycle', 0.7048354717828307, 1, (0.5000000001, 5, False)], ['cell_direction_remember', 0.6618365058352995, 1, (0, 1, False)], ['cell_vision_radius', 1, 1, (1.01, 20, False)], ['cell_vision_nconsidered', 1, 1, (1, 100, False)], ['cell_mutational_rate', 0.7334681460853446, 1, (1e-10, 1, False)]]"
116,#B2B7C6,14.0,0.0009369573819162903,"(174.02521140124804, 234.74173798962892)",6.25,0,1.8701524110695422,0.9328101611748181,0.40669555825764747,3.9816824935407484,1.0362065983026376,1e-10,"[['cell_direction_pause', 1, 1, (0, 1, False)], ['cell_direction_angle', 0.9334882015297742, 6.283185307179586, None], ['cell_cycle', 0.7048354717828307, 1, (0.5000000001, 5, False)], ['cell_direction_remember', 0.6618365058352995, 1, (0, 1, False)], ['cell_vision_radius', 1, 1, (1.01, 20, False)], ['cell_vision_nconsidered', 1, 1, (1, 100, False)], ['cell_mutational_rate', 0.7334681460853446, 1, (1e-10, 1, False)]]"
117,#B2B7C6,13.0,0.000870011788327592,"(282.75232186611413, 425.98484431719334)",6.25,0,1.9300355667900202,0.9328101611748181,0.40669555825764747,3.9816824935407484,1.0362065983026376,1e-10,"[['cell_direction_pause', 1, 1, (0, 1, False)], ['cell_direction_angle', 0.9334882015297742, 6.283185307179586, None], ['cell_cycle', 0.7048354717828307, 1, (0.5000000001, 5, False)], ['cell_direction_remember', 0.6618365058352995, 1, (0, 1, False)], ['cell_vision_radius', 1, 1, (1.01, 20, False)], ['cell_vision_nconsidered', 1, 1, (1, 100, False)], ['cell_mutational_rate', 0.7334681460853446, 1, (1e-10, 1, False)]]"
118,#B2B7C6,13.0,0.000870011788327592,"(83.54622779894424, 327.30504879799753)",6.25,0,2.3957296941468944,0.9328101611748181,0.40669555825764747,3.9816824935407484,1.0362065983026376,1e-10,"[['cell_direction_pause', 1, 1, (0, 1, False)], ['cell_direction_angle', 0.9334882015297742, 6.283185307179586, None], ['cell_cycle', 0.7048354717828307, 1, (0.5000000001, 5, False)], ['cell_direction_remember', 0.6618365058352995, 1, (0, 1, False)], ['cell_vision_radius', 1, 1, (1.01, 20, False)], ['cell_vision_nconsidered', 1, 1, (1, 100, False)], ['cell_mutational_rate', 0.7334681460853446, 1, (1e-10, 1, False)]]"
119,#B2B7C6,13.0,0.000870011788327592,"(215.95634915889823, 274.82697508864874)",6.25,0,-1.9145572917267724,0.9328101611748181,0.40669555825764747,3.9816824935407484,1.0362065983026376,1e-10,"[['cell_direction_pause', 1, 1, (0, 1, False)], ['cell_direction_angle', 0.9334882015297742, 6.283185307179586, None], ['cell_cycle', 0.7048354717828307, 1, (0.5000000001, 5, False)], ['cell_direction_remember', 0.6618365058352995, 1, (0, 1, False)], ['cell_vision_radius', 1, 1, (1.01, 20, False)], ['cell_vision_nconsidered', 1, 1, (1, 100, False)], ['cell_mutational_rate', 0.7334681460853446, 1, (1e-10, 1, False)]]"
120,#B2B7C6,9.000383877441381,0.000230105617244129,"(201.65598264956625, 338.23218068672986)",6.25,0,0.4305857553352785,0.9328101611748181,0.40669555825764747,3.9816824935407484,1.0362065983026376,1e-10,"[['cell_direction_pause', 1, 1, (0, 1, False)], ['cell_direction_angle', 0.9334882015297742, 6.283185307179586, None], ['cell_cycle', 0.7048354717828307, 1, (0.5000000001, 5, False)], ['cell_direction_remember', 0.6618365058352995, 1, (0, 1, False)], ['cell_vision_radius', 1, 1, (1.01, 20, False)], ['cell_vision_nconsidered', 1, 1, (1, 100, False)], ['cell_mutational_rate', 0.7334681460853446, 1, (1e-10, 1, False)]]"
121,#B2B7C6,12.0,0.0008030661969125931,"(205.24039406728568, 320.20149468892635)",6.25,0,0.6388509959948147,0.9328101611748181,0.40669555825764747,3.9816824935407484,1.0362065983026376,1e-10,"[['cell_direction_pause', 1, 1, (0, 1, False)], ['cell_direction_angle', 0.9334882015297742, 6.283185307179586, None], ['cell_cycle', 0.7048354717828307, 1, (0.5000000001, 5, False)], ['cell_direction_remember', 0.6618365058352995, 1, (0, 1, False)], ['cell_vision_radius', 1, 1, (1.01, 20, False)], ['cell_vision_nconsidered', 1, 1, (1, 100, False)], ['cell_mutational_rate', 0.7334681460853446, 1, (1e-10, 1, False)]]"
122,#B2B7C6,9.00053500347611,0.00022709959777431884,"(241.00179760994806, 149.65161384539354)",6.25,0,2.846962316826896,0.9328101611748181,0.40669555825764747,3.9816824935407484,1.0362065983026376,1e-10,"[['cell_direction_pause', 1, 1, (0, 1, False)], ['cell_direction_angle', 0.9334882015297742, 6.283185307179586, None], ['cell_cycle', 0.7048354717828307, 1, (0.5000000001, 5, False)], ['cell_direction_remember', 0.6618365058352995, 1, (0, 1, False)], ['cell_vision_radius', 1, 1, (1.01, 20, False)], ['cell_vision_nconsidered', 1, 1, (1, 100, False)], ['cell_mutational_rate', 0.7334681460853446, 1, (1e-10, 1, False)]]"
123,#B2B7C6,11.0,0.0007361206082620268,"(149.55186630085691, 248.60536004467428)",6.25,0,-1.0338090204020085,0.9328101611748181,0.40669555825764747,3.9816824935407484,1.0362065983026376,1e-10,"[['cell_direction_pause', 1, 1, (0, 1, False)], ['cell_direction_angle', 0.9334882015297742, 6.283185307179586, None], ['cell_cycle', 0.7048354717828307, 1, (0.5000000001, 5, False)], ['cell_direction_remember', 0.6618365058352995, 1, (0, 1, False)], ['cell_vision_radius', 1, 1, (1.01, 20, False)], ['cell_vision_nconsidered', 1, 1, (1, 100, False)], ['cell_mutational_rate', 0.7334681460853446, 1, (1e-10, 1, False)]]"
124,#B2B7C6,9.000200556327496,0.0002267487285694303,"(346.28059748092375, 346.1938370423984)",6.25,0,1.7219022296178923,0.9328101611748181,0.40669555825764747,3.9816824935407484,1.0362065983026376,1e-10,"[['cell_direction_pause', 1, 1, (0, 1, False)], ['cell_direction_angle', 0.9334882015297742, 6.283185307179586, None], ['cell_cycle', 0.7048354717828307, 1, (0.5000000001, 5, False)], ['cell_direction_remember', 0.6618365058352995, 1, (0, 1, False)], ['cell_vision_radius', 1, 1, (1.01, 20, False)], ['cell_vision_nconsidered', 1, 1, (1, 100, False)], ['cell_mutational_rate', 0.7334681460853446, 1, (1e-10, 1, False)]]"
125,#B2B7C6,10.0,0.0006691750232022304,"(242.53312112830451, 171.89493661095014)",6.25,0,0.5393337429577334,0.9328101611748181,0.40669555825764747,3.9816824935407484,1.0362065983026376,1e-10,"[['cell_direction_pause', 1, 1, (0, 1, False)], ['cell_direction_angle', 0.9334882015297742, 6.283185307179586, None], ['cell_cycle', 0.7048354717828307, 1, (0.5000000001, 5, False)], ['cell_direction_remember', 0.6618365058352995, 1, (0, 1, False)], ['cell_vision_radius', 1, 1, (1.01, 20, False)], ['cell_vision_nconsidered', 1, 1, (1, 100, False)], ['cell_mutational_rate', 0.7334681460853446, 1, (1e-10, 1, False)]]"
126,#B2B7C6,9.0,0.0006022294429256983,"(126.9203528340396, 261.3640198943761)",6.25,0,-2.2344084726970888,0.9328101611748181,0.40669555825764747,3.9816824935407484,1.0362065983026376,1e-10,"[['cell_direction_pause', 1, 1, (0, 1, False)], ['cell_direction_angle', 0.9334882015297742, 6.283185307179586, None], ['cell_cycle', 0.7048354717828307, 1, (0.5000000001, 5, False)], ['cell_direction_remember', 0.6618365058352995, 1, (0, 1, False)], ['cell_vision_radius', 1, 1, (1.01, 20, False)], ['cell_vision_nconsidered', 1, 1, (1, 100, False)], ['cell_mutational_rate', 0.7334681460853446, 1, (1e-10, 1, False)]]"
127,#B2B7C6,9.0,0.0006022294429256983,"(106.78094042555168, 182.89622401474568)",6.25,0,-2.981586344471201,0.9328101611748181,0.40669555825764747,3.9816824935407484,1.0362065983026376,1e-10,"[['cell_direction_pause', 1, 1, (0, 1, False)], ['cell_direction_angle', 0.9334882015297742, 6.283185307179586, None], ['cell_cycle', 0.7048354717828307, 1, (0.5000000001, 5, False)], ['cell_direction_remember', 0.6618365058352995, 1, (0, 1, False)], ['cell_vision_radius', 1, 1, (1.01, 20, False)], ['cell_vision_nconsidered', 1, 1, (1, 100, False)], ['cell_mutational_rate', 0.7334681460853446, 1, (1e-10, 1, False)]]"
128,#B2B7C6,8.000133611111448,0.00010968311128028439,"(352.02399956649145, 333.28440019221216)",6.25,0,1.5779637999512413,0.9328101611748181,0.40669555825764747,3.9816824935407484,1.0362065983026376,1e-10,"[['cell_direction_pause', 1, 1, (0, 1, False)], ['cell_direction_angle', 0.9334882015297742, 6.283185307179586, None], ['cell_cycle', 0.7048354717828307, 1, (0.5000000001, 5, False)], ['cell_direction_remember', 0.6618365058352995, 1, (0, 1, False)], ['cell_vision_radius', 1, 1, (1.01, 20, False)], ['cell_vision_nconsidered', 1, 1, (1, 100, False)], ['cell_mutational_rate', 0.7334681460853446, 1, (1e-10, 1, False)]]"
129,#B2B7C6,8.0,0.0005352838692193107,"(243.47999135830963, 154.03492009001297)",6.25,0,0.3606265862160169,0.9328101611748181,0.40669555825764747,3.9816824935407484,1.0362065983026376,1e-10,"[['cell_direction_pause', 1, 1, (0, 1, False)], ['cell_direction_angle', 0.9334882015297742, 6.283185307179586, None], ['cell_cycle', 0.7048354717828307, 1, (0.5000000001, 5, False)], ['cell_direction_remember', 0.6618365058352995, 1, (0, 1, False)], ['cell_vision_radius', 1, 1, (1.01, 20, False)], ['cell_vision_nconsidered', 1, 1, (1, 100, False)], ['cell_mutational_rate', 0.7334681460853446, 1, (1e-10, 1, False)]]"
130,#B2B7C6,7.000267501738055,-1.1227472128466737e-05,"(165.90062042616677, 354.2304800163888)",6.25,0,-3.112255809425022,0.9328101611748181,0.40669555825764747,3.9816824935407484,1.0362065983026376,1e-10,"[['cell_direction_pause', 1, 1, (0, 1, False)], ['cell_direction_angle', 0.9334882015297742, 6.283185307179586, None], ['cell_cycle', 0.7048354717828307, 1, (0.5000000001, 5, False)], ['cell_direction_remember', 0.6618365058352995, 1, (0, 1, False)], ['cell_vision_radius', 1, 1, (1.01, 20, False)], ['cell_vision_nconsidered', 1, 1, (1, 100, False)], ['cell_mutational_rate', 0.7334681460853446, 1, (1e-10, 1, False)]]"
131,#B2B7C6,7.000133611111448,-1.7484318751705143e-05,"(241.9485587909534, 386.3667525914176)",6.25,0,2.5716556119605154,0.9328101611748181,0.40669555825764747,3.9816824935407484,1.0362065983026376,1e-10,"[['cell_direction_pause', 1, 1, (0, 1, False)], ['cell_direction_angle', 0.9334882015297742, 6.283185307179586, None], ['cell_cycle', 0.7048354717828307, 1, (0.5000000001, 5, False)], ['cell_direction_remember', 0.6618365058352995, 1, (0, 1, False)], ['cell_vision_radius', 1, 1, (1.01, 20, False)], ['cell_vision_nconsidered', 1, 1, (1, 100, False)], ['cell_mutational_rate', 0.7334681460853446, 1, (1e-10, 1, False)]]"
132,#B2B7C6,8.0,0.0005352838692193107,"(322.8753034524627, 351.426244500748)",6.25,0,2.1218586216598747,0.9328101611748181,0.40669555825764747,3.9816824935407484,1.0362065983026376,1e-10,"[['cell_direction_pause', 1, 1, (0, 1, False)], ['cell_direction_angle', 0.9334882015297742, 6.283185307179586, None], ['cell_cycle', 0.7048354717828307, 1, (0.5000000001, 5, False)], ['cell_direction_remember', 0.6618365058352995, 1, (0, 1, False)], ['cell_vision_radius', 1, 1, (1.01, 20, False)], ['cell_vision_nconsidered', 1, 1, (1, 100, False)], ['cell_mutational_rate', 0.7334681460853446, 1, (1e-10, 1, False)]]"
133,#B2B7C6,7.000066666667003,-0.06076128364022858,"(360.57428902833584, 302.41646958282513)",6.25,0,-0.2696655305318676,0.9328101611748181,0.40669555825764747,3.9816824935407484,1.0362065983026376,1e-10,"[['cell_direction_pause', 1, 1, (0, 1, False)], ['cell_direction_angle', 0.9334882015297742, 6.283185307179586, None], ['cell_cycle', 0.7048354717828307, 1, (0.5000000001, 5, False)], ['cell_direction_remember', 0.6618365058352995, 1, (0, 1, False)], ['cell_vision_radius', 1, 1, (1.01, 20, False)], ['cell_vision_nconsidered', 1, 1, (1, 100, False)], ['cell_mutational_rate', 0.7334681460853446, 1, (1e-10, 1, False)]]"
134,#B2B7C6,8.0,0.0005352838692193107,"(239.5895133012507, 145.3089977203404)",6.25,0,2.9601994217436625,0.9328101611748181,0.40669555825764747,3.9816824935407484,1.0362065983026376,1e-10,"[['cell_direction_pause', 1, 1, (0, 1, False)], ['cell_direction_angle', 0.9334882015297742, 6.283185307179586, None], ['cell_cycle', 0.7048354717828307, 1, (0.5000000001, 5, False)], ['cell_direction_remember', 0.6618365058352995, 1, (0, 1, False)], ['cell_vision_radius', 1, 1, (1.01, 20, False)], ['cell_vision_nconsidered', 1, 1, (1, 100, False)], ['cell_mutational_rate', 0.7334681460853446, 1, (1e-10, 1, False)]]"
135,#B2B7C6,6.0,0.0004013927545986924,"(323.85450945461355, 343.3128855133461)",6.25,0,-0.4096658740978821,0.9328101611748181,0.40669555825764747,3.9816824935407484,1.0362065983026376,1e-10,"[['cell_direction_pause', 1, 1, (0, 1, False)], ['cell_direction_angle', 0.9334882015297742, 6.283185307179586, None], ['cell_cycle', 0.7048354717828307, 1, (0.5000000001, 5, False)], ['cell_direction_remember', 0.6618365058352995, 1, (0, 1, False)], ['cell_vision_radius', 1, 1, (1.01, 20, False)], ['cell_vision_nconsidered', 1, 1, (1, 100, False)], ['cell_mutational_rate', 0.7334681460853446, 1, (1e-10, 1, False)]]"
136,#B2B7C6,6.0,0.0004013927545986924,"(124.90133704432976, 273.61323970720036)",6.25,0,2.1798219913835837,0.9328101611748181,0.40669555825764747,3.9816824935407484,1.0362065983026376,1e-10,"[['cell_direction_pause', 1, 1, (0, 1, False)], ['cell_direction_angle', 0.9334882015297742, 6.283185307179586, None], ['cell_cycle', 0.7048354717828307, 1, (0.5000000001, 5, False)], ['cell_direction_remember', 0.6618365058352995, 1, (0, 1, False)], ['cell_vision_radius', 1, 1, (1.01, 20, False)], ['cell_vision_nconsidered', 1, 1, (1, 100, False)], ['cell_mutational_rate', 0.7334681460853446, 1, (1e-10, 1, False)]]"
137,#B2B7C6,2.5768771120012293,-0.1659572752680398,"(257.7596573985405, 132.46483303594226)",6.25,0,-0.5519331028134004,0.9328101611748181,0.40669555825764747,3.9816824935407484,1.0362065983026376,1e-10,"[['cell_direction_pause', 1, 1, (0, 1, False)], ['cell_direction_angle', 0.9334882015297742, 6.283185307179586, None], ['cell_cycle', 0.7048354717828307, 1, (0.5000000001, 5, False)], ['cell_direction_remember', 0.6618365058352995, 1, (0, 1, False)], ['cell_vision_radius', 1, 1, (1.01, 20, False)], ['cell_vision_nconsidered', 1, 1, (1, 100, False)], ['cell_mutational_rate', 0.7334681460853446, 1, (1e-10, 1, False)]]"
138,#B2B7C6,5.0,0.0003344472267405355,"(328.1056238795447, 330.367127312308)",6.25,0,-0.7347183567559858,0.9328101611748181,0.40669555825764747,3.9816824935407484,1.0362065983026376,1e-10,"[['cell_direction_pause', 1, 1, (0, 1, False)], ['cell_direction_angle', 0.9334882015297742, 6.283185307179586, None], ['cell_cycle', 0.7048354717828307, 1, (0.5000000001, 5, False)], ['cell_direction_remember', 0.6618365058352995, 1, (0, 1, False)], ['cell_vision_radius', 1, 1, (1.01, 20, False)], ['cell_vision_nconsidered', 1, 1, (1, 100, False)], ['cell_mutational_rate', 0.7334681460853446, 1, (1e-10, 1, False)]]"
139,#B2B7C6,5.0,0.0003344472267405355,"(237.11840079635778, 145.60438096325547)",6.25,0,-3.1363429093938735,0.9328101611748181,0.40669555825764747,3.9816824935407484,1.0362065983026376,1e-10,"[['cell_direction_pause', 1, 1, (0, 1, False)], ['cell_direction_angle', 0.9334882015297742, 6.283185307179586, None], ['cell_cycle', 0.7048354717828307, 1, (0.5000000001, 5, False)], ['cell_direction_remember', 0.6618365058352995, 1, (0, 1, False)], ['cell_vision_radius', 1, 1, (1.01, 20, False)], ['cell_vision_nconsidered', 1, 1, (1, 100, False)], ['cell_mutational_rate', 0.7334681460853446, 1, (1e-10, 1, False)]]"
140,#B2B7C6,5.0,0.0003344472267405355,"(204.90023776478776, 300.6884631403223)",6.25,0,-1.0058444573636354,0.9328101611748181,0.40669555825764747,3.9816824935407484,1.0362065983026376,1e-10,"[['cell_direction_pause', 1, 1, (0, 1, False)], ['cell_direction_angle', 0.9334882015297742, 6.283185307179586, None], ['cell_cycle', 0.7048354717828307, 1, (0.5000000001, 5, False)], ['cell_direction_remember', 0.6618365058352995, 1, (0, 1, False)], ['cell_vision_radius', 1, 1, (1.01, 20, False)], ['cell_vision_nconsidered', 1, 1, (1, 100, False)], ['cell_mutational_rate', 0.7334681460853446, 1, (1e-10, 1, False)]]"
141,#B2B7C6,4.0,0.000267501738054729,"(210.76949810674654, 147.1074272572516)",6.25,0,-3.013686981862767,0.9328101611748181,0.40669555825764747,3.9816824935407484,1.0362065983026376,1e-10,"[['cell_direction_pause', 1, 1, (0, 1, False)], ['cell_direction_angle', 0.9334882015297742, 6.283185307179586, None], ['cell_cycle', 0.7048354717828307, 1, (0.5000000001, 5, False)], ['cell_direction_remember', 0.6618365058352995, 1, (0, 1, False)], ['cell_vision_radius', 1, 1, (1.01, 20, False)], ['cell_vision_nconsidered', 1, 1, (1, 100, False)], ['cell_mutational_rate', 0.7334681460853446, 1, (1e-10, 1, False)]]"
142,#B2B7C6,4.0,0.000267501738054729,"(150.92754496550262, 244.5342079790206)",6.25,0,-0.6897319325841202,0.9328101611748181,0.40669555825764747,3.9816824935407484,1.0362065983026376,1e-10,"[['cell_direction_pause', 1, 1, (0, 1, False)], ['cell_direction_angle', 0.9334882015297742, 6.283185307179586, None], ['cell_cycle', 0.7048354717828307, 1, (0.5000000001, 5, False)], ['cell_direction_remember', 0.6618365058352995, 1, (0, 1, False)], ['cell_vision_radius', 1, 1, (1.01, 20, False)], ['cell_vision_nconsidered', 1, 1, (1, 100, False)], ['cell_mutational_rate', 0.7334681460853446, 1, (1e-10, 1, False)]]"
143,#B2B7C6,4.0,0.000267501738054729,"(254.0794576039949, 160.96379093207435)",6.25,0,2.695117832132983,0.9328101611748181,0.40669555825764747,3.9816824935407484,1.0362065983026376,1e-10,"[['cell_direction_pause', 1, 1, (0, 1, False)], ['cell_direction_angle', 0.9334882015297742, 6.283185307179586, None], ['cell_cycle', 0.7048354717828307, 1, (0.5000000001, 5, False)], ['cell_direction_remember', 0.6618365058352995, 1, (0, 1, False)], ['cell_vision_radius', 1, 1, (1.01, 20, False)], ['cell_vision_nconsidered', 1, 1, (1, 100, False)], ['cell_mutational_rate', 0.7334681460853446, 1, (1e-10, 1, False)]]"
144,#B2B7C6,3.000066666667003,-0.1415413908290381,"(351.59005416135227, 234.9046275490589)",6.25,0,1.2548962284580198,0.9328101611748181,0.40669555825764747,3.9816824935407484,1.0362065983026376,1e-10,"[['cell_direction_pause', 1, 1, (0, 1, False)], ['cell_direction_angle', 0.9334882015297742, 6.283185307179586, None], ['cell_cycle', 0.7048354717828307, 1, (0.5000000001, 5, False)], ['cell_direction_remember', 0.6618365058352995, 1, (0, 1, False)], ['cell_vision_radius', 1, 1, (1.01, 20, False)], ['cell_vision_nconsidered', 1, 1, (1, 100, False)], ['cell_mutational_rate', 0.7334681460853446, 1, (1e-10, 1, False)]]"
145,#B2B7C6,4.0,0.000267501738054729,"(161.00766529733883, 313.6628092700932)",6.25,0,-0.7133575854312945,0.9328101611748181,0.40669555825764747,3.9816824935407484,1.0362065983026376,1e-10,"[['cell_direction_pause', 1, 1, (0, 1, False)], ['cell_direction_angle', 0.9334882015297742, 6.283185307179586, None], ['cell_cycle', 0.7048354717828307, 1, (0.5000000001, 5, False)], ['cell_direction_remember', 0.6618365058352995, 1, (0, 1, False)], ['cell_vision_radius', 1, 1, (1.01, 20, False)], ['cell_vision_nconsidered', 1, 1, (1, 100, False)], ['cell_mutational_rate', 0.7334681460853446, 1, (1e-10, 1, False)]]"
146,#B2B7C6,3.0002005563274965,-0.0009144995769583686,"(206.26766075129044, 330.715688454378)",6.25,0,-1.0058444573636354,0.9328101611748181,0.40669555825764747,3.9816824935407484,1.0362065983026376,1e-10,"[['cell_direction_pause', 1, 1, (0, 1, False)], ['cell_direction_angle', 0.9334882015297742, 6.283185307179586, None], ['cell_cycle', 0.7048354717828307, 1, (0.5000000001, 5, False)], ['cell_direction_remember', 0.6618365058352995, 1, (0, 1, False)], ['cell_vision_radius', 1, 1, (1.01, 20, False)], ['cell_vision_nconsidered', 1, 1, (1, 100, False)], ['cell_mutational_rate', 0.7334681460853446, 1, (1e-10, 1, False)]]"
147,#B2B7C6,4.0,0.000267501738054729,"(263.67585777629216, 122.966058363499)",6.25,0,-0.5519331028134004,0.9328101611748181,0.40669555825764747,3.9816824935407484,1.0362065983026376,1e-10,"[['cell_direction_pause', 1, 1, (0, 1, False)], ['cell_direction_angle', 0.9334882015297742, 6.283185307179586, None], ['cell_cycle', 0.7048354717828307, 1, (0.5000000001, 5, False)], ['cell_direction_remember', 0.6618365058352995, 1, (0, 1, False)], ['cell_vision_radius', 1, 1, (1.01, 20, False)], ['cell_vision_nconsidered', 1, 1, (1, 100, False)], ['cell_mutational_rate', 0.7334681460853446, 1, (1e-10, 1, False)]]"
148,#B2B7C6,3.0,0.00020055632749660181,"(146.72120858638036, 267.5189286025735)",6.25,0,-1.5074861712948533,0.9328101611748181,0.40669555825764747,3.9816824935407484,1.0362065983026376,1e-10,"[['cell_direction_pause', 1, 1, (0, 1, False)], ['cell_direction_angle', 0.9334882015297742, 6.283185307179586, None], ['cell_cycle', 0.7048354717828307, 1, (0.5000000001, 5, False)], ['cell_direction_remember', 0.6618365058352995, 1, (0, 1, False)], ['cell_vision_radius', 1, 1, (1.01, 20, False)], ['cell_vision_nconsidered', 1, 1, (1, 100, False)], ['cell_mutational_rate', 0.7334681460853446, 1, (1e-10, 1, False)]]"
149,#B2B7C6,3.0,0.00020055632749660181,"(116.98116472902166, 285.4194351998234)",6.25,0,-2.5280815915414947,0.9328101611748181,0.40669555825764747,3.9816824935407484,1.0362065983026376,1e-10,"[['cell_direction_pause', 1, 1, (0, 1, False)], ['cell_direction_angle', 0.9334882015297742, 6.283185307179586, None], ['cell_cycle', 0.7048354717828307, 1, (0.5000000001, 5, False)], ['cell_direction_remember', 0.6618365058352995, 1, (0, 1, False)], ['cell_vision_radius', 1, 1, (1.01, 20, False)], ['cell_vision_nconsidered', 1, 1, (1, 100, False)], ['cell_mutational_rate', 0.7334681460853446, 1, (1e-10, 1, False)]]"
150,#B2B7C6,2.0,0.00013361111144721992,"(150.85313164038027, 258.79117401046597)",6.25,0,-1.140689134488086,0.9328101611748181,0.40669555825764747,3.9816824935407484,1.0362065983026376,1e-10,"[['cell_direction_pause', 1, 1, (0, 1, False)], ['cell_direction_angle', 0.9334882015297742, 6.283185307179586, None], ['cell_cycle', 0.7048354717828307, 1, (0.5000000001, 5, False)], ['cell_direction_remember', 0.6618365058352995, 1, (0, 1, False)], ['cell_vision_radius', 1, 1, (1.01, 20, False)], ['cell_vision_nconsidered', 1, 1, (1, 100, False)], ['cell_mutational_rate', 0.7334681460853446, 1, (1e-10, 1, False)]]"
151,#B2B7C6,2.0,0.00013361111144721992,"(304.20262593779745, 337.0775315738674)",6.25,0,-0.7347183567559858,0.9328101611748181,0.40669555825764747,3.9816824935407484,1.0362065983026376,1e-10,"[['cell_direction_pause', 1, 1, (0, 1, False)], ['cell_direction_angle', 0.9334882015297742, 6.283185307179586, None], ['cell_cycle', 0.7048354717828307, 1, (0.5000000001, 5, False)], ['cell_direction_remember', 0.6618365058352995, 1, (0, 1, False)], ['cell_vision_radius', 1, 1, (1.01, 20, False)], ['cell_vision_nconsidered', 1, 1, (1, 100, False)], ['cell_mutational_rate', 0.7334681460853446, 1, (1e-10, 1, False)]]"
152,#B2B7C6,1.0,6.666666700277779e-05,"(287.2054454986787, 165.4035454820228)",6.25,0,2.695117832132983,0.9328101611748181,0.40669555825764747,3.9816824935407484,1.0362065983026376,1e-10,"[['cell_direction_pause', 1, 1, (0, 1, False)], ['cell_direction_angle', 0.9334882015297742, 6.283185307179586, None], ['cell_cycle', 0.7048354717828307, 1, (0.5000000001, 5, False)], ['cell_direction_remember', 0.6618365058352995, 1, (0, 1, False)], ['cell_vision_radius', 1, 1, (1.01, 20, False)], ['cell_vision_nconsidered', 1, 1, (1, 100, False)], ['cell_mutational_rate', 0.7334681460853446, 1, (1e-10, 1, False)]]"
153,#B2B7C6,1.0,6.666666700277779e-05,"(241.07992017135214, 139.72732020661067)",6.25,0,-2.9032107226613717,0.9328101611748181,0.40669555825764747,3.9816824935407484,1.0362065983026376,1e-10,"[['cell_direction_pause', 1, 1, (0, 1, False)], ['cell_direction_angle', 0.9334882015297742, 6.283185307179586, None], ['cell_cycle', 0.7048354717828307, 1, (0.5000000001, 5, False)], ['cell_direction_remember', 0.6618365058352995, 1, (0, 1, False)], ['cell_vision_radius', 1, 1, (1.01, 20, False)], ['cell_vision_nconsidered', 1, 1, (1, 100, False)], ['cell_mutational_rate', 0.7334681460853446, 1, (1e-10, 1, False)]]"
